 Title,Date,Duration,Exercise,"Superset id",Weight,Reps,Distance,Time,"Set Type"
PUSH,"2026-05-08 11:10:56",00:57:33,"Lever Incline Chest Press",,40.000,12,,,WARMUP_SET
PUSH,"2026-05-08 11:10:56",00:57:33,"Lever Incline Chest Press",,80.000,2,,,FEEDER_SET
PUSH,"2026-05-08 11:10:56",00:57:33,"Lever Incline Chest Press",,100.000,7,,,TOP_SET
PUSH,"2026-05-08 11:10:56",00:57:33,"Lever Incline Chest Press",,80.000,8,,,BACK_OFF_SET
PUSH,"2026-05-08 11:10:56",00:57:33,"Lever Chest Press",,65.000,7,,,NORMAL_SET
PUSH,"2026-05-08 11:10:56",00:57:33,"Lever Chest Press",,55.000,8,,,NORMAL_SET
PUSH,"2026-05-08 11:10:56",00:57:33,"Lever Chest Press",,60.000,6,,,NORMAL_SET
PUSH,"2026-05-08 11:10:56",00:57:33,"Lever Shoulder Press",,65.000,12,,,NORMAL_SET
PUSH,"2026-05-08 11:10:56",00:57:33,"Lever Shoulder Press",,70.000,7,,,NORMAL_SET
PUSH,"2026-05-08 11:10:56",00:57:33,"Lever Shoulder Press",,70.000,6,,,NORMAL_SET
PUSH,"2026-05-08 11:10:56",00:57:33,"Lever Shoulder Press",,40.000,7,,,DROP_SET
PUSH,"2026-05-08 11:10:56",00:57:33,"High Pulley Overhead Tricep Extension",,37.500,12,,,NORMAL_SET
PUSH,"2026-05-08 11:10:56",00:57:33,"High Pulley Overhead Tricep Extension",,37.500,9,,,NORMAL_SET
PUSH,"2026-05-08 11:10:56",00:57:33,"High Pulley Overhead Tricep Extension",,35.000,12,,,NORMAL_SET
PUSH,"2026-05-08 11:10:56",00:57:33,"Triceps Pushdown",,32.500,7,,,NORMAL_SET
PUSH,"2026-05-08 11:10:56",00:57:33,"Triceps Pushdown",,30.000,9,,,NORMAL_SET
PUSH,"2026-05-08 11:10:56",00:57:33,"Triceps Pushdown",,27.500,9,,,NORMAL_SET
PUSH,"2026-05-08 11:10:56",00:57:33,"Lever Lateral Raise",,30.000,10,,,DROP_SET
PUSH,"2026-05-08 11:10:56",00:57:33,"Lever Lateral Raise",,20.000,10,,,DROP_SET
PUSH,"2026-05-08 11:10:56",00:57:33,"Lever Lateral Raise",,15.000,10,,,DROP_SET
PUSH,"2026-05-08 11:10:56",00:57:33,"Lever Lateral Raise",,30.000,10,,,DROP_SET
PUSH,"2026-05-08 11:10:56",00:57:33,"Lever Lateral Raise",,20.000,8,,,DROP_SET
PUSH,"2026-05-08 11:10:56",00:57:33,"Lever Lateral Raise",,15.000,7,,,DROP_SET
PUSH,"2026-05-08 11:10:56",00:57:33,"Lever Lateral Raise",,30.000,11,,,DROP_SET
PUSH,"2026-05-08 11:10:56",00:57:33,"Lever Lateral Raise",,20.000,6,,,DROP_SET
PUSH,"2026-05-08 11:10:56",00:57:33,"Lever Lateral Raise",,15.000,6,,,DROP_SET
PULL,"2026-05-07 10:52:28",00:58:38,"Barbell Lying Row on Rack",,70.000,12,,,TOP_SET
PULL,"2026-05-07 10:52:28",00:58:38,"Barbell Lying Row on Rack",,70.000,10,,,TOP_SET
PULL,"2026-05-07 10:52:28",00:58:38,"Barbell Lying Row on Rack",,70.000,10,,,BACK_OFF_SET
PULL,"2026-05-07 10:52:28",00:58:38,"Lever High Row",,90.000,10,,,TOP_SET
PULL,"2026-05-07 10:52:28",00:58:38,"Lever High Row",,80.000,12,,,BACK_OFF_SET
PULL,"2026-05-07 10:52:28",00:58:38,"Lever High Row",,80.000,10,,,NORMAL_SET
PULL,"2026-05-07 10:52:28",00:58:38,"Lever One Arm Low Row",,70.000,10,,,TOP_SET
PULL,"2026-05-07 10:52:28",00:58:38,"Lever One Arm Low Row",,70.000,9,,,NORMAL_SET
PULL,"2026-05-07 10:52:28",00:58:38,"Cable Unilateral Bicep Curl",,25.000,8,,,NORMAL_SET
PULL,"2026-05-07 10:52:28",00:58:38,"Cable Unilateral Bicep Curl",,20.000,10,,,NORMAL_SET
PULL,"2026-05-07 10:52:28",00:58:38,"Cable Unilateral Bicep Curl",,20.000,9,,,NORMAL_SET
PULL,"2026-05-07 10:52:28",00:58:38,"Close Grip Preacher Curl",,30.000,6,,,NORMAL_SET
PULL,"2026-05-07 10:52:28",00:58:38,"Close Grip Preacher Curl",,30.000,7,,,NORMAL_SET
PULL,"2026-05-07 10:52:28",00:58:38,"Close Grip Preacher Curl",,30.000,5,,,NORMAL_SET
PULL,"2026-05-07 10:52:28",00:58:38,"Lever Seated Reverse Fly",,22.500,9,,,NORMAL_SET
PULL,"2026-05-07 10:52:28",00:58:38,"Lever Seated Reverse Fly",,22.500,7,,,NORMAL_SET
PULL,"2026-05-07 10:52:28",00:58:38,"Lever Seated Reverse Fly",,22.500,7,,,NORMAL_SET
"LEG ","2026-05-06 11:25:01",00:39:50,"Lever Belt Squat",,90.000,5,,,WARMUP_SET
"LEG ","2026-05-06 11:25:01",00:39:50,"Lever Belt Squat",,155.000,2,,,FEEDER_SET
"LEG ","2026-05-06 11:25:01",00:39:50,"Lever Belt Squat",,205.000,5,,,TOP_SET
"LEG ","2026-05-06 11:25:01",00:39:50,"Lever Belt Squat",,185.000,5,,,BACK_OFF_SET
"LEG ","2026-05-06 11:25:01",00:39:50,"Smith Deadlift",,40.000,7,,,FEEDER_SET
"LEG ","2026-05-06 11:25:01",00:39:50,"Smith Deadlift",,60.000,2,,,FEEDER_SET
"LEG ","2026-05-06 11:25:01",00:39:50,"Smith Deadlift",,65.000,8,,,TOP_SET
"LEG ","2026-05-06 11:25:01",00:39:50,"Smith Deadlift",,60.000,8,,,BACK_OFF_SET
"LEG ","2026-05-06 11:25:01",00:39:50,"Lever Lying Leg Curl",,25.000,15,,,NORMAL_SET
"LEG ","2026-05-06 11:25:01",00:39:50,"Lever Lying Leg Curl",,20.000,9,,,DROP_SET
"LEG ","2026-05-06 11:25:01",00:39:50,"Lever Lying Leg Curl",,15.000,7,,,DROP_SET
PUSH,"2026-05-05 10:56:52",00:58:59,"Lever Incline Chest Press",,40.000,12,,,WARMUP_SET
PUSH,"2026-05-05 10:56:52",00:58:59,"Lever Incline Chest Press",,80.000,2,,,FEEDER_SET
PUSH,"2026-05-05 10:56:52",00:58:59,"Lever Incline Chest Press",,100.000,6,,,TOP_SET
PUSH,"2026-05-05 10:56:52",00:58:59,"Lever Incline Chest Press",,80.000,9,,,BACK_OFF_SET
PUSH,"2026-05-05 10:56:52",00:58:59,"Lever Chest Press",,65.000,7,,,NORMAL_SET
PUSH,"2026-05-05 10:56:52",00:58:59,"Lever Chest Press",,55.000,8,,,NORMAL_SET
PUSH,"2026-05-05 10:56:52",00:58:59,"Lever Chest Press",,60.000,5,,,NORMAL_SET
PUSH,"2026-05-05 10:56:52",00:58:59,"Lever Shoulder Press",,65.000,10,,,NORMAL_SET
PUSH,"2026-05-05 10:56:52",00:58:59,"Lever Shoulder Press",,65.000,9,,,NORMAL_SET
PUSH,"2026-05-05 10:56:52",00:58:59,"Lever Shoulder Press",,65.000,8,,,NORMAL_SET
PUSH,"2026-05-05 10:56:52",00:58:59,"Lever Shoulder Press",,40.000,8,,,DROP_SET
PUSH,"2026-05-05 10:56:52",00:58:59,"High Pulley Overhead Tricep Extension",,37.500,9,,,NORMAL_SET
PUSH,"2026-05-05 10:56:52",00:58:59,"High Pulley Overhead Tricep Extension",,37.500,8,,,NORMAL_SET
PUSH,"2026-05-05 10:56:52",00:58:59,"High Pulley Overhead Tricep Extension",,35.000,8,,,NORMAL_SET
PUSH,"2026-05-05 10:56:52",00:58:59,"Triceps Pushdown",,30.000,11,,,NORMAL_SET
PUSH,"2026-05-05 10:56:52",00:58:59,"Triceps Pushdown",,30.000,8,,,NORMAL_SET
PUSH,"2026-05-05 10:56:52",00:58:59,"Triceps Pushdown",,30.000,9,,,NORMAL_SET
PUSH,"2026-05-05 10:56:52",00:58:59,"Lever Lateral Raise",,30.000,10,,,DROP_SET
PUSH,"2026-05-05 10:56:52",00:58:59,"Lever Lateral Raise",,20.000,10,,,DROP_SET
PUSH,"2026-05-05 10:56:52",00:58:59,"Lever Lateral Raise",,15.000,10,,,DROP_SET
PUSH,"2026-05-05 10:56:52",00:58:59,"Lever Lateral Raise",,30.000,10,,,DROP_SET
PUSH,"2026-05-05 10:56:52",00:58:59,"Lever Lateral Raise",,20.000,10,,,DROP_SET
PUSH,"2026-05-05 10:56:52",00:58:59,"Lever Lateral Raise",,15.000,8,,,DROP_SET
PUSH,"2026-05-05 10:56:52",00:58:59,"Lever Lateral Raise",,30.000,10,,,DROP_SET
PUSH,"2026-05-05 10:56:52",00:58:59,"Lever Lateral Raise",,20.000,7,,,DROP_SET
PUSH,"2026-05-05 10:56:52",00:58:59,"Lever Lateral Raise",,15.000,6,,,DROP_SET
PULL,"2026-05-04 12:52:01",01:01:28,"Barbell Lying Row on Rack",,65.000,12,,,TOP_SET
PULL,"2026-05-04 12:52:01",01:01:28,"Barbell Lying Row on Rack",,65.000,11,,,TOP_SET
PULL,"2026-05-04 12:52:01",01:01:28,"Barbell Lying Row on Rack",,65.000,10,,,BACK_OFF_SET
PULL,"2026-05-04 12:52:01",01:01:28,"Lever High Row",,90.000,9,,,TOP_SET
PULL,"2026-05-04 12:52:01",01:01:28,"Lever High Row",,80.000,12,,,BACK_OFF_SET
PULL,"2026-05-04 12:52:01",01:01:28,"Lever High Row",,80.000,10,,,NORMAL_SET
PULL,"2026-05-04 12:52:01",01:01:28,"Lever One Arm Low Row",,70.000,10,,,TOP_SET
PULL,"2026-05-04 12:52:01",01:01:28,"Lever One Arm Low Row",,70.000,9,,,NORMAL_SET
PULL,"2026-05-04 12:52:01",01:01:28,"Cable Unilateral Bicep Curl",,25.000,8,,,NORMAL_SET
PULL,"2026-05-04 12:52:01",01:01:28,"Cable Unilateral Bicep Curl",,20.000,9,,,NORMAL_SET
PULL,"2026-05-04 12:52:01",01:01:28,"Cable Unilateral Bicep Curl",,20.000,9,,,NORMAL_SET
PULL,"2026-05-04 12:52:01",01:01:28,"Close Grip Preacher Curl",,30.000,8,,,NORMAL_SET
PULL,"2026-05-04 12:52:01",01:01:28,"Close Grip Preacher Curl",,30.000,8,,,NORMAL_SET
PULL,"2026-05-04 12:52:01",01:01:28,"Close Grip Preacher Curl",,30.000,6,,,NORMAL_SET
PULL,"2026-05-04 12:52:01",01:01:28,"Lever Seated Reverse Fly",,22.500,8,,,NORMAL_SET
PULL,"2026-05-04 12:52:01",01:01:28,"Lever Seated Reverse Fly",,22.500,7,,,NORMAL_SET
PULL,"2026-05-04 12:52:01",01:01:28,"Lever Seated Reverse Fly",,22.500,6,,,NORMAL_SET
PUSH,"2026-05-01 18:12:02",00:54:15,"Lever Incline Chest Press",,40.000,12,,,WARMUP_SET
PUSH,"2026-05-01 18:12:02",00:54:15,"Lever Incline Chest Press",,80.000,2,,,FEEDER_SET
PUSH,"2026-05-01 18:12:02",00:54:15,"Lever Incline Chest Press",,100.000,6,,,TOP_SET
PUSH,"2026-05-01 18:12:02",00:54:15,"Lever Incline Chest Press",,80.000,9,,,BACK_OFF_SET
PUSH,"2026-05-01 18:12:02",00:54:15,"Lever Chest Press",,65.000,7,,,NORMAL_SET
PUSH,"2026-05-01 18:12:02",00:54:15,"Lever Chest Press",,55.000,6,,,NORMAL_SET
PUSH,"2026-05-01 18:12:02",00:54:15,"Lever Chest Press",,60.000,6,,,NORMAL_SET
PUSH,"2026-05-01 18:12:02",00:54:15,"Lever Shoulder Press",,65.000,9,,,NORMAL_SET
PUSH,"2026-05-01 18:12:02",00:54:15,"Lever Shoulder Press",,65.000,9,,,NORMAL_SET
PUSH,"2026-05-01 18:12:02",00:54:15,"Lever Shoulder Press",,65.000,6,,,NORMAL_SET
PUSH,"2026-05-01 18:12:02",00:54:15,"Lever Shoulder Press",,40.000,7,,,DROP_SET
PUSH,"2026-05-01 18:12:02",00:54:15,"High Pulley Overhead Tricep Extension",,37.500,8,,,NORMAL_SET
PUSH,"2026-05-01 18:12:02",00:54:15,"High Pulley Overhead Tricep Extension",,35.000,6,,,NORMAL_SET
PUSH,"2026-05-01 18:12:02",00:54:15,"High Pulley Overhead Tricep Extension",,30.000,8,,,NORMAL_SET
PUSH,"2026-05-01 18:12:02",00:54:15,"Triceps Pushdown",,30.000,8,,,NORMAL_SET
PUSH,"2026-05-01 18:12:02",00:54:15,"Triceps Pushdown",,30.000,8,,,NORMAL_SET
PUSH,"2026-05-01 18:12:02",00:54:15,"Triceps Pushdown",,30.000,8,,,NORMAL_SET
PUSH,"2026-05-01 18:12:02",00:54:15,"Lever Lateral Raise",,30.000,10,,,DROP_SET
PUSH,"2026-05-01 18:12:02",00:54:15,"Lever Lateral Raise",,20.000,10,,,DROP_SET
PUSH,"2026-05-01 18:12:02",00:54:15,"Lever Lateral Raise",,15.000,10,,,DROP_SET
PUSH,"2026-05-01 18:12:02",00:54:15,"Lever Lateral Raise",,30.000,10,,,DROP_SET
PUSH,"2026-05-01 18:12:02",00:54:15,"Lever Lateral Raise",,20.000,10,,,DROP_SET
PUSH,"2026-05-01 18:12:02",00:54:15,"Lever Lateral Raise",,15.000,10,,,DROP_SET
PUSH,"2026-05-01 18:12:02",00:54:15,"Lever Lateral Raise",,30.000,10,,,DROP_SET
PUSH,"2026-05-01 18:12:02",00:54:15,"Lever Lateral Raise",,20.000,8,,,DROP_SET
PUSH,"2026-05-01 18:12:02",00:54:15,"Lever Lateral Raise",,15.000,8,,,DROP_SET
PULL,"2026-04-30 10:51:54",00:54:22,"Barbell Lying Row on Rack",,67.500,12,,,TOP_SET
PULL,"2026-04-30 10:51:54",00:54:22,"Barbell Lying Row on Rack",,67.500,10,,,TOP_SET
PULL,"2026-04-30 10:51:54",00:54:22,"Barbell Lying Row on Rack",,60.000,10,,,BACK_OFF_SET
PULL,"2026-04-30 10:51:54",00:54:22,"Lever High Row",,90.000,12,,,TOP_SET
PULL,"2026-04-30 10:51:54",00:54:22,"Lever High Row",,80.000,11,,,BACK_OFF_SET
PULL,"2026-04-30 10:51:54",00:54:22,"Lever High Row",,80.000,10,,,NORMAL_SET
PULL,"2026-04-30 10:51:54",00:54:22,"Lever One Arm Low Row",,70.000,10,,,TOP_SET
PULL,"2026-04-30 10:51:54",00:54:22,"Lever One Arm Low Row",,70.000,9,,,NORMAL_SET
PULL,"2026-04-30 10:51:54",00:54:22,"Cable Unilateral Bicep Curl",,25.000,7,,,NORMAL_SET
PULL,"2026-04-30 10:51:54",00:54:22,"Cable Unilateral Bicep Curl",,20.000,9,,,NORMAL_SET
PULL,"2026-04-30 10:51:54",00:54:22,"Cable Unilateral Bicep Curl",,20.000,8,,,NORMAL_SET
PULL,"2026-04-30 10:51:54",00:54:22,"Cross Body Hammer Curl",,14.000,7,,,NORMAL_SET
PULL,"2026-04-30 10:51:54",00:54:22,"Cross Body Hammer Curl",,12.000,12,,,NORMAL_SET
PULL,"2026-04-30 10:51:54",00:54:22,"Cross Body Hammer Curl",,12.000,3,,,MYO_REPS_SET
PULL,"2026-04-30 10:51:54",00:54:22,"Lever Seated Reverse Fly",,22.500,7,,,NORMAL_SET
PULL,"2026-04-30 10:51:54",00:54:22,"Lever Seated Reverse Fly",,22.500,7,,,NORMAL_SET
PULL,"2026-04-30 10:51:54",00:54:22,"Lever Seated Reverse Fly",,22.500,6,,,NORMAL_SET
"LEG ","2026-04-29 12:02:54",00:43:37,"Lever Belt Squat",,85.000,5,,,WARMUP_SET
"LEG ","2026-04-29 12:02:54",00:43:37,"Lever Belt Squat",,150.000,2,,,FEEDER_SET
"LEG ","2026-04-29 12:02:54",00:43:37,"Lever Belt Squat",,200.000,5,,,TOP_SET
"LEG ","2026-04-29 12:02:54",00:43:37,"Lever Belt Squat",,180.000,5,,,BACK_OFF_SET
"LEG ","2026-04-29 12:02:54",00:43:37,"Smith Deadlift",,40.000,6,,,FEEDER_SET
"LEG ","2026-04-29 12:02:54",00:43:37,"Smith Deadlift",,60.000,2,,,FEEDER_SET
"LEG ","2026-04-29 12:02:54",00:43:37,"Smith Deadlift",,65.000,8,,,TOP_SET
"LEG ","2026-04-29 12:02:54",00:43:37,"Smith Deadlift",,60.000,8,,,BACK_OFF_SET
"LEG ","2026-04-29 12:02:54",00:43:37,"Lever Lying Leg Curl",,22.500,15,,,NORMAL_SET
"LEG ","2026-04-29 12:02:54",00:43:37,"Lever Lying Leg Curl",,17.500,10,,,DROP_SET
"LEG ","2026-04-29 12:02:54",00:43:37,"Lever Lying Leg Curl",,12.500,15,,,DROP_SET
PUSH,"2026-04-28 11:24:52",01:08:34,"Lever Incline Chest Press",,40.000,12,,,WARMUP_SET
PUSH,"2026-04-28 11:24:52",01:08:34,"Lever Incline Chest Press",,80.000,2,,,FEEDER_SET
PUSH,"2026-04-28 11:24:52",01:08:34,"Lever Incline Chest Press",,100.000,7,,,TOP_SET
PUSH,"2026-04-28 11:24:52",01:08:34,"Lever Incline Chest Press",,80.000,8,,,BACK_OFF_SET
PUSH,"2026-04-28 11:24:52",01:08:34,"Lever Chest Press",,65.000,5,,,NORMAL_SET
PUSH,"2026-04-28 11:24:52",01:08:34,"Lever Chest Press",,55.000,8,,,NORMAL_SET
PUSH,"2026-04-28 11:24:52",01:08:34,"Lever Chest Press",,60.000,6,,,NORMAL_SET
PUSH,"2026-04-28 11:24:52",01:08:34,"Lever Shoulder Press",,65.000,8,,,NORMAL_SET
PUSH,"2026-04-28 11:24:52",01:08:34,"Lever Shoulder Press",,65.000,8,,,NORMAL_SET
PUSH,"2026-04-28 11:24:52",01:08:34,"Lever Shoulder Press",,65.000,7,,,NORMAL_SET
PUSH,"2026-04-28 11:24:52",01:08:34,"Lever Shoulder Press",,40.000,8,,,DROP_SET
PUSH,"2026-04-28 11:24:52",01:08:34,"High Pulley Overhead Tricep Extension",,37.500,6,,,NORMAL_SET
PUSH,"2026-04-28 11:24:52",01:08:34,"High Pulley Overhead Tricep Extension",,37.500,10,,,NORMAL_SET
PUSH,"2026-04-28 11:24:52",01:08:34,"High Pulley Overhead Tricep Extension",,32.500,11,,,NORMAL_SET
PUSH,"2026-04-28 11:24:52",01:08:34,"Triceps Pushdown",,30.000,10,,,NORMAL_SET
PUSH,"2026-04-28 11:24:52",01:08:34,"Triceps Pushdown",,30.000,9,,,NORMAL_SET
PUSH,"2026-04-28 11:24:52",01:08:34,"Triceps Pushdown",,32.500,7,,,NORMAL_SET
PUSH,"2026-04-28 11:24:52",01:08:34,"Lever Lateral Raise",,30.000,10,,,DROP_SET
PUSH,"2026-04-28 11:24:52",01:08:34,"Lever Lateral Raise",,20.000,10,,,DROP_SET
PUSH,"2026-04-28 11:24:52",01:08:34,"Lever Lateral Raise",,15.000,10,,,DROP_SET
PUSH,"2026-04-28 11:24:52",01:08:34,"Lever Lateral Raise",,30.000,10,,,DROP_SET
PUSH,"2026-04-28 11:24:52",01:08:34,"Lever Lateral Raise",,20.000,8,,,DROP_SET
PUSH,"2026-04-28 11:24:52",01:08:34,"Lever Lateral Raise",,15.000,7,,,DROP_SET
PUSH,"2026-04-28 11:24:52",01:08:34,"Lever Lateral Raise",,30.000,9,,,DROP_SET
PUSH,"2026-04-28 11:24:52",01:08:34,"Lever Lateral Raise",,20.000,7,,,DROP_SET
PUSH,"2026-04-28 11:24:52",01:08:34,"Lever Lateral Raise",,15.000,6,,,DROP_SET
PULL,"2026-04-27 11:29:18",00:57:11,"Barbell Lying Row on Rack",,65.000,12,,,TOP_SET
PULL,"2026-04-27 11:29:18",00:57:11,"Barbell Lying Row on Rack",,65.000,11,,,TOP_SET
PULL,"2026-04-27 11:29:18",00:57:11,"Barbell Lying Row on Rack",,65.000,8,,,BACK_OFF_SET
PULL,"2026-04-27 11:29:18",00:57:11,"Lever High Row",,90.000,10,,,TOP_SET
PULL,"2026-04-27 11:29:18",00:57:11,"Lever High Row",,80.000,10,,,BACK_OFF_SET
PULL,"2026-04-27 11:29:18",00:57:11,"Lever High Row",,80.000,11,,,NORMAL_SET
PULL,"2026-04-27 11:29:18",00:57:11,"Lever One Arm Low Row",,70.000,8,,,TOP_SET
PULL,"2026-04-27 11:29:18",00:57:11,"Lever One Arm Low Row",,70.000,10,,,NORMAL_SET
PULL,"2026-04-27 11:29:18",00:57:11,"Lever One Arm Low Row",,70.000,8,,,NORMAL_SET
PULL,"2026-04-27 11:29:18",00:57:11,"Cable Unilateral Bicep Curl",,25.000,7,,,NORMAL_SET
PULL,"2026-04-27 11:29:18",00:57:11,"Cable Unilateral Bicep Curl",,20.000,9,,,NORMAL_SET
PULL,"2026-04-27 11:29:18",00:57:11,"Cable Unilateral Bicep Curl",,20.000,8,,,NORMAL_SET
PULL,"2026-04-27 11:29:18",00:57:11,"Cross Body Hammer Curl",,14.000,8,,,NORMAL_SET
PULL,"2026-04-27 11:29:18",00:57:11,"Cross Body Hammer Curl",,14.000,9,,,NORMAL_SET
PULL,"2026-04-27 11:29:18",00:57:11,"Cross Body Hammer Curl",,14.000,3,,,MYO_REPS_SET
PULL,"2026-04-27 11:29:18",00:57:11,"Lever Seated Reverse Fly",,22.500,8,,,NORMAL_SET
PULL,"2026-04-27 11:29:18",00:57:11,"Lever Seated Reverse Fly",,22.500,6,,,NORMAL_SET
PULL,"2026-04-27 11:29:18",00:57:11,"Lever Seated Reverse Fly",,22.500,7,,,NORMAL_SET
PUSH,"2026-04-24 11:54:05",00:58:56,"Lever Incline Chest Press",,40.000,12,,,WARMUP_SET
PUSH,"2026-04-24 11:54:05",00:58:56,"Lever Incline Chest Press",,80.000,2,,,FEEDER_SET
PUSH,"2026-04-24 11:54:05",00:58:56,"Lever Incline Chest Press",,100.000,7,,,TOP_SET
PUSH,"2026-04-24 11:54:05",00:58:56,"Lever Incline Chest Press",,80.000,9,,,BACK_OFF_SET
PUSH,"2026-04-24 11:54:05",00:58:56,"Lever Chest Press",,65.000,7,,,NORMAL_SET
PUSH,"2026-04-24 11:54:05",00:58:56,"Lever Chest Press",,55.000,8,,,NORMAL_SET
PUSH,"2026-04-24 11:54:05",00:58:56,"Lever Chest Press",,60.000,6,,,NORMAL_SET
PUSH,"2026-04-24 11:54:05",00:58:56,"Lever Shoulder Press",,65.000,11,,,NORMAL_SET
PUSH,"2026-04-24 11:54:05",00:58:56,"Lever Shoulder Press",,65.000,9,,,NORMAL_SET
PUSH,"2026-04-24 11:54:05",00:58:56,"Lever Shoulder Press",,65.000,6,,,NORMAL_SET
PUSH,"2026-04-24 11:54:05",00:58:56,"Lever Shoulder Press",,40.000,7,,,DROP_SET
PUSH,"2026-04-24 11:54:05",00:58:56,"High Pulley Overhead Tricep Extension",,37.500,11,,,NORMAL_SET
PUSH,"2026-04-24 11:54:05",00:58:56,"High Pulley Overhead Tricep Extension",,37.500,7,,,NORMAL_SET
PUSH,"2026-04-24 11:54:05",00:58:56,"High Pulley Overhead Tricep Extension",,32.500,10,,,NORMAL_SET
PUSH,"2026-04-24 11:54:05",00:58:56,"Triceps Pushdown",,30.000,10,,,NORMAL_SET
PUSH,"2026-04-24 11:54:05",00:58:56,"Triceps Pushdown",,30.000,7,,,NORMAL_SET
PUSH,"2026-04-24 11:54:05",00:58:56,"Triceps Pushdown",,30.000,6,,,NORMAL_SET
PUSH,"2026-04-24 11:54:05",00:58:56,"Lever Lateral Raise",,30.000,10,,,DROP_SET
PUSH,"2026-04-24 11:54:05",00:58:56,"Lever Lateral Raise",,20.000,10,,,DROP_SET
PUSH,"2026-04-24 11:54:05",00:58:56,"Lever Lateral Raise",,15.000,10,,,DROP_SET
PUSH,"2026-04-24 11:54:05",00:58:56,"Lever Lateral Raise",,30.000,10,,,DROP_SET
PUSH,"2026-04-24 11:54:05",00:58:56,"Lever Lateral Raise",,20.000,10,,,DROP_SET
PUSH,"2026-04-24 11:54:05",00:58:56,"Lever Lateral Raise",,15.000,8,,,DROP_SET
PUSH,"2026-04-24 11:54:05",00:58:56,"Lever Lateral Raise",,30.000,9,,,DROP_SET
PUSH,"2026-04-24 11:54:05",00:58:56,"Lever Lateral Raise",,20.000,8,,,DROP_SET
PUSH,"2026-04-24 11:54:05",00:58:56,"Lever Lateral Raise",,15.000,9,,,DROP_SET
PULL,"2026-04-23 16:06:13",00:56:56,"Barbell Lying Row on Rack",,65.000,12,,,TOP_SET
PULL,"2026-04-23 16:06:13",00:56:56,"Barbell Lying Row on Rack",,65.000,11,,,TOP_SET
PULL,"2026-04-23 16:06:13",00:56:56,"Barbell Lying Row on Rack",,65.000,9,,,BACK_OFF_SET
PULL,"2026-04-23 16:06:13",00:56:56,"Lever High Row",,90.000,8,,,TOP_SET
PULL,"2026-04-23 16:06:13",00:56:56,"Lever High Row",,80.000,10,,,BACK_OFF_SET
PULL,"2026-04-23 16:06:13",00:56:56,"Lever High Row",,80.000,10,,,NORMAL_SET
PULL,"2026-04-23 16:06:13",00:56:56,"Lever One Arm Low Row",,70.000,9,,,TOP_SET
PULL,"2026-04-23 16:06:13",00:56:56,"Lever One Arm Low Row",,70.000,10,,,NORMAL_SET
PULL,"2026-04-23 16:06:13",00:56:56,"Lever One Arm Low Row",,70.000,7,,,NORMAL_SET
PULL,"2026-04-23 16:06:13",00:56:56,"Cable Unilateral Bicep Curl",,25.000,8,,,NORMAL_SET
PULL,"2026-04-23 16:06:13",00:56:56,"Cable Unilateral Bicep Curl",,20.000,10,,,NORMAL_SET
PULL,"2026-04-23 16:06:13",00:56:56,"Cable Unilateral Bicep Curl",,20.000,8,,,NORMAL_SET
PULL,"2026-04-23 16:06:13",00:56:56,"Cross Body Hammer Curl",,14.000,8,,,NORMAL_SET
PULL,"2026-04-23 16:06:13",00:56:56,"Cross Body Hammer Curl",,14.000,8,,,NORMAL_SET
PULL,"2026-04-23 16:06:13",00:56:56,"Cross Body Hammer Curl",,14.000,2,,,MYO_REPS_SET
PULL,"2026-04-23 16:06:13",00:56:56,"Lever Seated Reverse Fly",,22.500,8,,,NORMAL_SET
PULL,"2026-04-23 16:06:13",00:56:56,"Lever Seated Reverse Fly",,22.500,7,,,NORMAL_SET
PULL,"2026-04-23 16:06:13",00:56:56,"Lever Seated Reverse Fly",,22.500,7,,,NORMAL_SET
PUSH,"2026-04-21 11:36:31",00:57:38,"Lever Incline Chest Press",,40.000,12,,,WARMUP_SET
PUSH,"2026-04-21 11:36:31",00:57:38,"Lever Incline Chest Press",,80.000,2,,,FEEDER_SET
PUSH,"2026-04-21 11:36:31",00:57:38,"Lever Incline Chest Press",,100.000,6,,,TOP_SET
PUSH,"2026-04-21 11:36:31",00:57:38,"Lever Incline Chest Press",,80.000,9,,,BACK_OFF_SET
PUSH,"2026-04-21 11:36:31",00:57:38,"Lever Chest Press",,65.000,8,,,NORMAL_SET
PUSH,"2026-04-21 11:36:31",00:57:38,"Lever Chest Press",,55.000,7,,,NORMAL_SET
PUSH,"2026-04-21 11:36:31",00:57:38,"Lever Chest Press",,60.000,7,,,NORMAL_SET
PUSH,"2026-04-21 11:36:31",00:57:38,"Lever Shoulder Press",,65.000,8,,,NORMAL_SET
PUSH,"2026-04-21 11:36:31",00:57:38,"Lever Shoulder Press",,65.000,9,,,NORMAL_SET
PUSH,"2026-04-21 11:36:31",00:57:38,"Lever Shoulder Press",,65.000,6,,,NORMAL_SET
PUSH,"2026-04-21 11:36:31",00:57:38,"Lever Shoulder Press",,40.000,5,,,DROP_SET
PUSH,"2026-04-21 11:36:31",00:57:38,"High Pulley Overhead Tricep Extension",,37.500,12,,,NORMAL_SET
PUSH,"2026-04-21 11:36:31",00:57:38,"High Pulley Overhead Tricep Extension",,37.500,12,,,NORMAL_SET
PUSH,"2026-04-21 11:36:31",00:57:38,"High Pulley Overhead Tricep Extension",,37.500,10,,,NORMAL_SET
PUSH,"2026-04-21 11:36:31",00:57:38,"Triceps Pushdown",,32.500,7,,,NORMAL_SET
PUSH,"2026-04-21 11:36:31",00:57:38,"Triceps Pushdown",,30.000,9,,,NORMAL_SET
PUSH,"2026-04-21 11:36:31",00:57:38,"Triceps Pushdown",,30.000,9,,,NORMAL_SET
PUSH,"2026-04-21 11:36:31",00:57:38,"Lever Lateral Raise",,30.000,10,,,DROP_SET
PUSH,"2026-04-21 11:36:31",00:57:38,"Lever Lateral Raise",,20.000,10,,,DROP_SET
PUSH,"2026-04-21 11:36:31",00:57:38,"Lever Lateral Raise",,15.000,10,,,DROP_SET
PUSH,"2026-04-21 11:36:31",00:57:38,"Lever Lateral Raise",,30.000,10,,,DROP_SET
PUSH,"2026-04-21 11:36:31",00:57:38,"Lever Lateral Raise",,20.000,10,,,DROP_SET
PUSH,"2026-04-21 11:36:31",00:57:38,"Lever Lateral Raise",,15.000,9,,,DROP_SET
PUSH,"2026-04-21 11:36:31",00:57:38,"Lever Lateral Raise",,30.000,10,,,DROP_SET
PUSH,"2026-04-21 11:36:31",00:57:38,"Lever Lateral Raise",,20.000,7,,,DROP_SET
PUSH,"2026-04-21 11:36:31",00:57:38,"Lever Lateral Raise",,15.000,8,,,DROP_SET
PULL,"2026-04-20 11:27:43",00:50:53,"Barbell Lying Row on Rack",,65.000,12,,,TOP_SET
PULL,"2026-04-20 11:27:43",00:50:53,"Barbell Lying Row on Rack",,65.000,11,,,TOP_SET
PULL,"2026-04-20 11:27:43",00:50:53,"Barbell Lying Row on Rack",,55.000,12,,,BACK_OFF_SET
PULL,"2026-04-20 11:27:43",00:50:53,"Lever High Row",,100.000,7,,,TOP_SET
PULL,"2026-04-20 11:27:43",00:50:53,"Lever High Row",,80.000,10,,,BACK_OFF_SET
PULL,"2026-04-20 11:27:43",00:50:53,"Lever High Row",,80.000,10,,,NORMAL_SET
PULL,"2026-04-20 11:27:43",00:50:53,"Lever One Arm Low Row",,80.000,7,,,TOP_SET
PULL,"2026-04-20 11:27:43",00:50:53,"Lever One Arm Low Row",,70.000,9,,,NORMAL_SET
PULL,"2026-04-20 11:27:43",00:50:53,"Lever One Arm Low Row",,70.000,8,,,NORMAL_SET
PULL,"2026-04-20 11:27:43",00:50:53,"Cable Unilateral Bicep Curl",,25.000,9,,,NORMAL_SET
PULL,"2026-04-20 11:27:43",00:50:53,"Cable Unilateral Bicep Curl",,20.000,10,,,NORMAL_SET
PULL,"2026-04-20 11:27:43",00:50:53,"Cable Unilateral Bicep Curl",,20.000,8,,,NORMAL_SET
PULL,"2026-04-20 11:27:43",00:50:53,"Cross Body Hammer Curl",,14.000,9,,,NORMAL_SET
PULL,"2026-04-20 11:27:43",00:50:53,"Cross Body Hammer Curl",,14.000,10,,,NORMAL_SET
PULL,"2026-04-20 11:27:43",00:50:53,"Cross Body Hammer Curl",,14.000,3,,,MYO_REPS_SET
PUSH,"2026-04-17 19:00:09",00:53:03,"Lever Incline Chest Press",,40.000,12,,,WARMUP_SET
PUSH,"2026-04-17 19:00:09",00:53:03,"Lever Incline Chest Press",,80.000,2,,,FEEDER_SET
PUSH,"2026-04-17 19:00:09",00:53:03,"Lever Incline Chest Press",,100.000,5,,,TOP_SET
PUSH,"2026-04-17 19:00:09",00:53:03,"Lever Incline Chest Press",,80.000,9,,,BACK_OFF_SET
PUSH,"2026-04-17 19:00:09",00:53:03,"Lever Chest Press",,65.000,8,,,NORMAL_SET
PUSH,"2026-04-17 19:00:09",00:53:03,"Lever Chest Press",,55.000,7,,,NORMAL_SET
PUSH,"2026-04-17 19:00:09",00:53:03,"Lever Chest Press",,60.000,6,,,NORMAL_SET
PUSH,"2026-04-17 19:00:09",00:53:03,"Lever Military Press",,70.000,9,,,NORMAL_SET
PUSH,"2026-04-17 19:00:09",00:53:03,"Lever Military Press",,70.000,7,,,NORMAL_SET
PUSH,"2026-04-17 19:00:09",00:53:03,"Lever Military Press",,65.000,7,,,NORMAL_SET
PUSH,"2026-04-17 19:00:09",00:53:03,"Lever Military Press",,40.000,6,,,DROP_SET
PUSH,"2026-04-17 19:00:09",00:53:03,"High Pulley Overhead Tricep Extension",,37.500,11,,,NORMAL_SET
PUSH,"2026-04-17 19:00:09",00:53:03,"High Pulley Overhead Tricep Extension",,37.500,10,,,NORMAL_SET
PUSH,"2026-04-17 19:00:09",00:53:03,"High Pulley Overhead Tricep Extension",,37.500,9,,,NORMAL_SET
PUSH,"2026-04-17 19:00:09",00:53:03,"Triceps Pushdown",,32.500,8,,,NORMAL_SET
PUSH,"2026-04-17 19:00:09",00:53:03,"Triceps Pushdown",,32.500,8,,,NORMAL_SET
PUSH,"2026-04-17 19:00:09",00:53:03,"Triceps Pushdown",,32.500,9,,,NORMAL_SET
PUSH,"2026-04-17 19:00:09",00:53:03,"Lever Lateral Raise",,30.000,10,,,DROP_SET
PUSH,"2026-04-17 19:00:09",00:53:03,"Lever Lateral Raise",,20.000,10,,,DROP_SET
PUSH,"2026-04-17 19:00:09",00:53:03,"Lever Lateral Raise",,15.000,10,,,DROP_SET
PUSH,"2026-04-17 19:00:09",00:53:03,"Lever Lateral Raise",,30.000,10,,,DROP_SET
PUSH,"2026-04-17 19:00:09",00:53:03,"Lever Lateral Raise",,20.000,10,,,DROP_SET
PUSH,"2026-04-17 19:00:09",00:53:03,"Lever Lateral Raise",,15.000,9,,,DROP_SET
PUSH,"2026-04-17 19:00:09",00:53:03,"Lever Lateral Raise",,30.000,10,,,DROP_SET
PUSH,"2026-04-17 19:00:09",00:53:03,"Lever Lateral Raise",,20.000,10,,,DROP_SET
PUSH,"2026-04-17 19:00:09",00:53:03,"Lever Lateral Raise",,15.000,10,,,DROP_SET
PULL,"2026-04-16 12:06:56",00:52:31,"Barbell Lying Row on Rack",,40.000,12,,,WARMUP_SET
PULL,"2026-04-16 12:06:56",00:52:31,"Barbell Lying Row on Rack",,65.000,2,,,FEEDER_SET
PULL,"2026-04-16 12:06:56",00:52:31,"Barbell Lying Row on Rack",,65.000,12,,,TOP_SET
PULL,"2026-04-16 12:06:56",00:52:31,"Barbell Lying Row on Rack",,60.000,12,,,BACK_OFF_SET
PULL,"2026-04-16 12:06:56",00:52:31,"Lever One Arm Low Row",,70.000,10,,,NORMAL_SET
PULL,"2026-04-16 12:06:56",00:52:31,"Lever One Arm Low Row",,70.000,10,,,NORMAL_SET
PULL,"2026-04-16 12:06:56",00:52:31,"Lever One Arm Low Row",,70.000,9,,,NORMAL_SET
PULL,"2026-04-16 12:06:56",00:52:31,"Lever High Row",,90.000,11,,,NORMAL_SET
PULL,"2026-04-16 12:06:56",00:52:31,"Lever High Row",,80.000,12,,,TOP_SET
PULL,"2026-04-16 12:06:56",00:52:31,"Lever High Row",,60.000,14,,,BACK_OFF_SET
PULL,"2026-04-16 12:06:56",00:52:31,"Cable Unilateral Bicep Curl",,25.000,9,,,NORMAL_SET
PULL,"2026-04-16 12:06:56",00:52:31,"Cable Unilateral Bicep Curl",,20.000,8,,,NORMAL_SET
PULL,"2026-04-16 12:06:56",00:52:31,"Cable Unilateral Bicep Curl",,20.000,7,,,NORMAL_SET
PULL,"2026-04-16 12:06:56",00:52:31,"Cross Body Hammer Curl",,12.000,12,,,NORMAL_SET
PULL,"2026-04-16 12:06:56",00:52:31,"Cross Body Hammer Curl",,12.000,12,,,NORMAL_SET
PULL,"2026-04-16 12:06:56",00:52:31,"Cross Body Hammer Curl",,12.000,3,,,MYO_REPS_SET
PULL,"2026-04-16 12:06:56",00:52:31,"Lever Seated Reverse Fly",,22.500,8,,,NORMAL_SET
PULL,"2026-04-16 12:06:56",00:52:31,"Lever Seated Reverse Fly",,22.500,6,,,NORMAL_SET
PULL,"2026-04-16 12:06:56",00:52:31,"Lever Seated Reverse Fly",,20.000,9,,,NORMAL_SET
"LEG ","2026-04-15 12:03:24",00:44:44,"Lever Belt Squat",,85.000,5,,,WARMUP_SET
"LEG ","2026-04-15 12:03:24",00:44:44,"Lever Belt Squat",,150.000,2,,,FEEDER_SET
"LEG ","2026-04-15 12:03:24",00:44:44,"Lever Belt Squat",,200.000,4,,,TOP_SET
"LEG ","2026-04-15 12:03:24",00:44:44,"Lever Belt Squat",,180.000,5,,,BACK_OFF_SET
"LEG ","2026-04-15 12:03:24",00:44:44,"Smith Deadlift",,40.000,7,,,FEEDER_SET
"LEG ","2026-04-15 12:03:24",00:44:44,"Smith Deadlift",,60.000,2,,,FEEDER_SET
"LEG ","2026-04-15 12:03:24",00:44:44,"Smith Deadlift",,65.000,7,,,TOP_SET
"LEG ","2026-04-15 12:03:24",00:44:44,"Smith Deadlift",,60.000,8,,,BACK_OFF_SET
"LEG ","2026-04-15 12:03:24",00:44:44,"Lever Lying Leg Curl",,22.500,15,,,NORMAL_SET
"LEG ","2026-04-15 12:03:24",00:44:44,"Lever Lying Leg Curl",,17.500,9,,,DROP_SET
"LEG ","2026-04-15 12:03:24",00:44:44,"Lever Lying Leg Curl",,12.500,13,,,DROP_SET
PUSH,"2026-04-14 11:40:16",00:56:18,"Lever Incline Chest Press",,40.000,12,,,WARMUP_SET
PUSH,"2026-04-14 11:40:16",00:56:18,"Lever Incline Chest Press",,80.000,2,,,FEEDER_SET
PUSH,"2026-04-14 11:40:16",00:56:18,"Lever Incline Chest Press",,100.000,6,,,TOP_SET
PUSH,"2026-04-14 11:40:16",00:56:18,"Lever Incline Chest Press",,80.000,8,,,BACK_OFF_SET
PUSH,"2026-04-14 11:40:16",00:56:18,"Lever Chest Press",,65.000,8,,,NORMAL_SET
PUSH,"2026-04-14 11:40:16",00:56:18,"Lever Chest Press",,55.000,7,,,NORMAL_SET
PUSH,"2026-04-14 11:40:16",00:56:18,"Lever Chest Press",,60.000,6,,,NORMAL_SET
PUSH,"2026-04-14 11:40:16",00:56:18,"Lever Shoulder Press",,65.000,9,,,NORMAL_SET
PUSH,"2026-04-14 11:40:16",00:56:18,"Lever Shoulder Press",,65.000,8,,,NORMAL_SET
PUSH,"2026-04-14 11:40:16",00:56:18,"Lever Shoulder Press",,65.000,9,,,NORMAL_SET
PUSH,"2026-04-14 11:40:16",00:56:18,"Lever Lateral Raise",,32.500,10,,,DROP_SET
PUSH,"2026-04-14 11:40:16",00:56:18,"Lever Lateral Raise",,22.500,10,,,DROP_SET
PUSH,"2026-04-14 11:40:16",00:56:18,"Lever Lateral Raise",,17.500,10,,,DROP_SET
PUSH,"2026-04-14 11:40:16",00:56:18,"Lever Lateral Raise",,32.500,10,,,DROP_SET
PUSH,"2026-04-14 11:40:16",00:56:18,"Lever Lateral Raise",,20.000,8,,,DROP_SET
PUSH,"2026-04-14 11:40:16",00:56:18,"Lever Lateral Raise",,15.000,8,,,DROP_SET
PUSH,"2026-04-14 11:40:16",00:56:18,"Lever Lateral Raise",,32.500,10,,,DROP_SET
PUSH,"2026-04-14 11:40:16",00:56:18,"Lever Lateral Raise",,20.000,8,,,DROP_SET
PUSH,"2026-04-14 11:40:16",00:56:18,"Lever Lateral Raise",,15.000,6,,,DROP_SET
PUSH,"2026-04-14 11:40:16",00:56:18,"High Pulley Overhead Tricep Extension",,37.500,12,,,NORMAL_SET
PUSH,"2026-04-14 11:40:16",00:56:18,"High Pulley Overhead Tricep Extension",,37.500,9,,,NORMAL_SET
PUSH,"2026-04-14 11:40:16",00:56:18,"High Pulley Overhead Tricep Extension",,37.500,8,,,NORMAL_SET
PUSH,"2026-04-14 11:40:16",00:56:18,"Triceps Pushdown",,32.500,9,,,NORMAL_SET
PUSH,"2026-04-14 11:40:16",00:56:18,"Triceps Pushdown",,32.500,8,,,NORMAL_SET
PUSH,"2026-04-14 11:40:16",00:56:18,"Triceps Pushdown",,32.500,7,,,NORMAL_SET
PULL,"2026-04-13 11:21:21",00:54:46,"Barbell Lying Row on Rack",,40.000,12,,,WARMUP_SET
PULL,"2026-04-13 11:21:21",00:54:46,"Barbell Lying Row on Rack",,65.000,2,,,FEEDER_SET
PULL,"2026-04-13 11:21:21",00:54:46,"Barbell Lying Row on Rack",,70.000,11,,,TOP_SET
PULL,"2026-04-13 11:21:21",00:54:46,"Barbell Lying Row on Rack",,60.000,12,,,BACK_OFF_SET
PULL,"2026-04-13 11:21:21",00:54:46,"Lever High Row",,100.000,8,,,NORMAL_SET
PULL,"2026-04-13 11:21:21",00:54:46,"Lever High Row",,80.000,11,,,TOP_SET
PULL,"2026-04-13 11:21:21",00:54:46,"Lever High Row",,80.000,10,,,BACK_OFF_SET
PULL,"2026-04-13 11:21:21",00:54:46,"Lever One Arm Low Row",,70.000,9,,,NORMAL_SET
PULL,"2026-04-13 11:21:21",00:54:46,"Lever One Arm Low Row",,70.000,8,,,NORMAL_SET
PULL,"2026-04-13 11:21:21",00:54:46,"Lever One Arm Low Row",,70.000,8,,,NORMAL_SET
PULL,"2026-04-13 11:21:21",00:54:46,"Cable Unilateral Bicep Curl",,25.000,8,,,NORMAL_SET
PULL,"2026-04-13 11:21:21",00:54:46,"Cable Unilateral Bicep Curl",,20.000,9,,,NORMAL_SET
PULL,"2026-04-13 11:21:21",00:54:46,"Cable Unilateral Bicep Curl",,20.000,7,,,NORMAL_SET
PULL,"2026-04-13 11:21:21",00:54:46,"Cross Body Hammer Curl",,12.000,12,,,NORMAL_SET
PULL,"2026-04-13 11:21:21",00:54:46,"Cross Body Hammer Curl",,12.000,10,,,NORMAL_SET
PULL,"2026-04-13 11:21:21",00:54:46,"Cross Body Hammer Curl",,12.000,3,,,MYO_REPS_SET
PULL,"2026-04-13 11:21:21",00:54:46,"Lever Seated Reverse Fly",,22.500,8,,,NORMAL_SET
PULL,"2026-04-13 11:21:21",00:54:46,"Lever Seated Reverse Fly",,22.500,8,,,NORMAL_SET
PULL,"2026-04-13 11:21:21",00:54:46,"Lever Seated Reverse Fly",,22.500,6,,,NORMAL_SET
PUSH,"2026-04-10 15:39:17",00:57:40,"Lever Incline Chest Press",,40.000,12,,,WARMUP_SET
PUSH,"2026-04-10 15:39:17",00:57:40,"Lever Incline Chest Press",,80.000,2,,,FEEDER_SET
PUSH,"2026-04-10 15:39:17",00:57:40,"Lever Incline Chest Press",,100.000,7,,,TOP_SET
PUSH,"2026-04-10 15:39:17",00:57:40,"Lever Incline Chest Press",,90.000,7,,,BACK_OFF_SET
PUSH,"2026-04-10 15:39:17",00:57:40,"Lever Chest Press",,55.000,10,,,NORMAL_SET
PUSH,"2026-04-10 15:39:17",00:57:40,"Lever Chest Press",,65.000,7,,,NORMAL_SET
PUSH,"2026-04-10 15:39:17",00:57:40,"Lever Chest Press",,60.000,6,,,NORMAL_SET
PUSH,"2026-04-10 15:39:17",00:57:40,"Lever Shoulder Press",,65.000,8,,,NORMAL_SET
PUSH,"2026-04-10 15:39:17",00:57:40,"Lever Shoulder Press",,65.000,8,,,NORMAL_SET
PUSH,"2026-04-10 15:39:17",00:57:40,"Lever Shoulder Press",,65.000,7,,,NORMAL_SET
PUSH,"2026-04-10 15:39:17",00:57:40,"Lever Lateral Raise",,30.000,10,,,DROP_SET
PUSH,"2026-04-10 15:39:17",00:57:40,"Lever Lateral Raise",,20.000,10,,,DROP_SET
PUSH,"2026-04-10 15:39:17",00:57:40,"Lever Lateral Raise",,15.000,10,,,DROP_SET
PUSH,"2026-04-10 15:39:17",00:57:40,"Lever Lateral Raise",,30.000,10,,,DROP_SET
PUSH,"2026-04-10 15:39:17",00:57:40,"Lever Lateral Raise",,20.000,10,,,DROP_SET
PUSH,"2026-04-10 15:39:17",00:57:40,"Lever Lateral Raise",,15.000,7,,,DROP_SET
PUSH,"2026-04-10 15:39:17",00:57:40,"Lever Lateral Raise",,30.000,10,,,DROP_SET
PUSH,"2026-04-10 15:39:17",00:57:40,"Lever Lateral Raise",,20.000,6,,,DROP_SET
PUSH,"2026-04-10 15:39:17",00:57:40,"Lever Lateral Raise",,15.000,6,,,DROP_SET
PUSH,"2026-04-10 15:39:17",00:57:40,"High Pulley Overhead Tricep Extension",,37.500,12,,,NORMAL_SET
PUSH,"2026-04-10 15:39:17",00:57:40,"High Pulley Overhead Tricep Extension",,37.500,8,,,NORMAL_SET
PUSH,"2026-04-10 15:39:17",00:57:40,"High Pulley Overhead Tricep Extension",,37.500,9,,,NORMAL_SET
PUSH,"2026-04-10 15:39:17",00:57:40,"Triceps Pushdown",,32.500,8,,,NORMAL_SET
PUSH,"2026-04-10 15:39:17",00:57:40,"Triceps Pushdown",,32.500,8,,,RIGHT_SET
PUSH,"2026-04-10 15:39:17",00:57:40,"Triceps Pushdown",,35.000,8,,,NORMAL_SET
PULL,"2026-04-09 11:37:16",00:59:52,"Barbell Lying Row on Rack",,40.000,13,,,WARMUP_SET
PULL,"2026-04-09 11:37:16",00:59:52,"Barbell Lying Row on Rack",,65.000,2,,,FEEDER_SET
PULL,"2026-04-09 11:37:16",00:59:52,"Barbell Lying Row on Rack",,70.000,11,,,TOP_SET
PULL,"2026-04-09 11:37:16",00:59:52,"Barbell Lying Row on Rack",,60.000,10,,,BACK_OFF_SET
PULL,"2026-04-09 11:37:16",00:59:52,"Lever High Row",,100.000,8,,,NORMAL_SET
PULL,"2026-04-09 11:37:16",00:59:52,"Lever High Row",,80.000,11,,,TOP_SET
PULL,"2026-04-09 11:37:16",00:59:52,"Lever High Row",,90.000,8,,,BACK_OFF_SET
PULL,"2026-04-09 11:37:16",00:59:52,"Lever One Arm Low Row",,70.000,9,,,NORMAL_SET
PULL,"2026-04-09 11:37:16",00:59:52,"Lever One Arm Low Row",,70.000,9,,,NORMAL_SET
PULL,"2026-04-09 11:37:16",00:59:52,"Lever One Arm Low Row",,70.000,8,,,NORMAL_SET
PULL,"2026-04-09 11:37:16",00:59:52,"Cable Unilateral Bicep Curl",,25.000,9,,,NORMAL_SET
PULL,"2026-04-09 11:37:16",00:59:52,"Cable Unilateral Bicep Curl",,20.000,9,,,NORMAL_SET
PULL,"2026-04-09 11:37:16",00:59:52,"Cable Unilateral Bicep Curl",,20.000,8,,,NORMAL_SET
PULL,"2026-04-09 11:37:16",00:59:52,"Cross Body Hammer Curl",,12.000,12,,,NORMAL_SET
PULL,"2026-04-09 11:37:16",00:59:52,"Cross Body Hammer Curl",,12.000,10,,,NORMAL_SET
PULL,"2026-04-09 11:37:16",00:59:52,"Cross Body Hammer Curl",,12.000,3,,,MYO_REPS_SET
PULL,"2026-04-09 11:37:16",00:59:52,"Lever Seated Reverse Fly",,22.500,8,,,NORMAL_SET
PULL,"2026-04-09 11:37:16",00:59:52,"Lever Seated Reverse Fly",,22.500,7,,,NORMAL_SET
PULL,"2026-04-09 11:37:16",00:59:52,"Lever Seated Reverse Fly",,20.000,8,,,NORMAL_SET
"LEG ","2026-04-08 11:17:54",00:40:47,"Lever Belt Squat",,85.000,5,,,WARMUP_SET
"LEG ","2026-04-08 11:17:54",00:40:47,"Lever Belt Squat",,150.000,2,,,FEEDER_SET
"LEG ","2026-04-08 11:17:54",00:40:47,"Lever Belt Squat",,200.000,4,,,TOP_SET
"LEG ","2026-04-08 11:17:54",00:40:47,"Lever Belt Squat",,180.000,4,,,BACK_OFF_SET
"LEG ","2026-04-08 11:17:54",00:40:47,"Smith Deadlift",,40.000,5,,,FEEDER_SET
"LEG ","2026-04-08 11:17:54",00:40:47,"Smith Deadlift",,60.000,1,,,FEEDER_SET
"LEG ","2026-04-08 11:17:54",00:40:47,"Smith Deadlift",,70.000,6,,,TOP_SET
"LEG ","2026-04-08 11:17:54",00:40:47,"Smith Deadlift",,60.000,8,,,BACK_OFF_SET
"LEG ","2026-04-08 11:17:54",00:40:47,"Lever Lying Leg Curl",,22.500,15,,,NORMAL_SET
"LEG ","2026-04-08 11:17:54",00:40:47,"Lever Lying Leg Curl",,17.500,10,,,DROP_SET
"LEG ","2026-04-08 11:17:54",00:40:47,"Lever Lying Leg Curl",,12.500,10,,,DROP_SET
PUSH,"2026-04-07 09:40:06",01:01:42,"Lever Incline Chest Press",,40.000,12,,,WARMUP_SET
PUSH,"2026-04-07 09:40:06",01:01:42,"Lever Incline Chest Press",,80.000,2,,,FEEDER_SET
PUSH,"2026-04-07 09:40:06",01:01:42,"Lever Incline Chest Press",,100.000,6,,,TOP_SET
PUSH,"2026-04-07 09:40:06",01:01:42,"Lever Incline Chest Press",,80.000,13,,,BACK_OFF_SET
PUSH,"2026-04-07 09:40:06",01:01:42,"Lever Chest Press",,55.000,7,,,NORMAL_SET
PUSH,"2026-04-07 09:40:06",01:01:42,"Lever Chest Press",,65.000,5,,,NORMAL_SET
PUSH,"2026-04-07 09:40:06",01:01:42,"Lever Chest Press",,60.000,9,,,NORMAL_SET
PUSH,"2026-04-07 09:40:06",01:01:42,"Lever Shoulder Press",,65.000,10,,,NORMAL_SET
PUSH,"2026-04-07 09:40:06",01:01:42,"Lever Shoulder Press",,65.000,6,,,NORMAL_SET
PUSH,"2026-04-07 09:40:06",01:01:42,"Lever Shoulder Press",,60.000,7,,,NORMAL_SET
PUSH,"2026-04-07 09:40:06",01:01:42,"Lever Lateral Raise",,30.000,10,,,DROP_SET
PUSH,"2026-04-07 09:40:06",01:01:42,"Lever Lateral Raise",,20.000,10,,,DROP_SET
PUSH,"2026-04-07 09:40:06",01:01:42,"Lever Lateral Raise",,15.000,10,,,DROP_SET
PUSH,"2026-04-07 09:40:06",01:01:42,"Lever Lateral Raise",,30.000,8,,,DROP_SET
PUSH,"2026-04-07 09:40:06",01:01:42,"Lever Lateral Raise",,20.000,7,,,DROP_SET
PUSH,"2026-04-07 09:40:06",01:01:42,"Lever Lateral Raise",,15.000,10,,,DROP_SET
PUSH,"2026-04-07 09:40:06",01:01:42,"Lever Lateral Raise",,30.000,10,,,DROP_SET
PUSH,"2026-04-07 09:40:06",01:01:42,"Lever Lateral Raise",,20.000,9,,,DROP_SET
PUSH,"2026-04-07 09:40:06",01:01:42,"Lever Lateral Raise",,15.000,8,,,DROP_SET
PUSH,"2026-04-07 09:40:06",01:01:42,"High Pulley Overhead Tricep Extension",,37.500,11,,,NORMAL_SET
PUSH,"2026-04-07 09:40:06",01:01:42,"High Pulley Overhead Tricep Extension",,37.500,8,,,NORMAL_SET
PUSH,"2026-04-07 09:40:06",01:01:42,"High Pulley Overhead Tricep Extension",,37.500,9,,,NORMAL_SET
PUSH,"2026-04-07 09:40:06",01:01:42,"Triceps Pushdown",,32.500,8,,,NORMAL_SET
PUSH,"2026-04-07 09:40:06",01:01:42,"Triceps Pushdown",,32.500,7,,,NORMAL_SET
PUSH,"2026-04-07 09:40:06",01:01:42,"Triceps Pushdown",,32.500,7,,,NORMAL_SET
PULL,"2026-04-06 12:03:56",01:00:02,"Barbell Lying Row on Rack",,40.000,13,,,WARMUP_SET
PULL,"2026-04-06 12:03:56",01:00:02,"Barbell Lying Row on Rack",,65.000,2,,,FEEDER_SET
PULL,"2026-04-06 12:03:56",01:00:02,"Barbell Lying Row on Rack",,70.000,11,,,TOP_SET
PULL,"2026-04-06 12:03:56",01:00:02,"Barbell Lying Row on Rack",,60.000,10,,,BACK_OFF_SET
PULL,"2026-04-06 12:03:56",01:00:02,"Lever High Row",,100.000,7,,,NORMAL_SET
PULL,"2026-04-06 12:03:56",01:00:02,"Lever High Row",,80.000,11,,,TOP_SET
PULL,"2026-04-06 12:03:56",01:00:02,"Lever High Row",,90.000,7,,,BACK_OFF_SET
PULL,"2026-04-06 12:03:56",01:00:02,"Lever One Arm Low Row",,80.000,8,,,NORMAL_SET
PULL,"2026-04-06 12:03:56",01:00:02,"Lever One Arm Low Row",,80.000,7,,,NORMAL_SET
PULL,"2026-04-06 12:03:56",01:00:02,"Lever One Arm Low Row",,80.000,8,,,NORMAL_SET
PULL,"2026-04-06 12:03:56",01:00:02,"Cable Unilateral Bicep Curl",,25.000,9,,,NORMAL_SET
PULL,"2026-04-06 12:03:56",01:00:02,"Cable Unilateral Bicep Curl",,20.000,11,,,NORMAL_SET
PULL,"2026-04-06 12:03:56",01:00:02,"Cable Unilateral Bicep Curl",,20.000,9,,,NORMAL_SET
PULL,"2026-04-06 12:03:56",01:00:02,"Cross Body Hammer Curl",,12.000,12,,,NORMAL_SET
PULL,"2026-04-06 12:03:56",01:00:02,"Cross Body Hammer Curl",,12.000,12,,,NORMAL_SET
PULL,"2026-04-06 12:03:56",01:00:02,"Cross Body Hammer Curl",,12.000,3,,,MYO_REPS_SET
PULL,"2026-04-06 12:03:56",01:00:02,"Lever Seated Reverse Fly",,20.000,12,,,NORMAL_SET
PULL,"2026-04-06 12:03:56",01:00:02,"Lever Seated Reverse Fly",,20.000,10,,,NORMAL_SET
PULL,"2026-04-06 12:03:56",01:00:02,"Lever Seated Reverse Fly",,20.000,9,,,NORMAL_SET
PUSH,"2026-03-31 15:59:41",00:59:51,"Lever Incline Chest Press",,40.000,12,,,WARMUP_SET
PUSH,"2026-03-31 15:59:41",00:59:51,"Lever Incline Chest Press",,70.000,2,,,FEEDER_SET
PUSH,"2026-03-31 15:59:41",00:59:51,"Lever Incline Chest Press",,100.000,6,,,TOP_SET
PUSH,"2026-03-31 15:59:41",00:59:51,"Lever Incline Chest Press",,80.000,9,,,BACK_OFF_SET
PUSH,"2026-03-31 15:59:41",00:59:51,"Lever Chest Press",,55.000,10,,,NORMAL_SET
PUSH,"2026-03-31 15:59:41",00:59:51,"Lever Chest Press",,65.000,7,,,NORMAL_SET
PUSH,"2026-03-31 15:59:41",00:59:51,"Lever Chest Press",,60.000,6,,,NORMAL_SET
PUSH,"2026-03-31 15:59:41",00:59:51,"Lever Shoulder Press",,65.000,10,,,NORMAL_SET
PUSH,"2026-03-31 15:59:41",00:59:51,"Lever Shoulder Press",,65.000,8,,,NORMAL_SET
PUSH,"2026-03-31 15:59:41",00:59:51,"Lever Shoulder Press",,65.000,8,,,NORMAL_SET
PUSH,"2026-03-31 15:59:41",00:59:51,"Lever Lateral Raise",,32.500,10,,,DROP_SET
PUSH,"2026-03-31 15:59:41",00:59:51,"Lever Lateral Raise",,22.500,10,,,DROP_SET
PUSH,"2026-03-31 15:59:41",00:59:51,"Lever Lateral Raise",,17.500,8,,,DROP_SET
PUSH,"2026-03-31 15:59:41",00:59:51,"Lever Lateral Raise",,32.500,10,,,DROP_SET
PUSH,"2026-03-31 15:59:41",00:59:51,"Lever Lateral Raise",,22.500,8,,,DROP_SET
PUSH,"2026-03-31 15:59:41",00:59:51,"Lever Lateral Raise",,17.500,7,,,DROP_SET
PUSH,"2026-03-31 15:59:41",00:59:51,"Lever Lateral Raise",,30.000,8,,,DROP_SET
PUSH,"2026-03-31 15:59:41",00:59:51,"Lever Lateral Raise",,20.000,6,,,DROP_SET
PUSH,"2026-03-31 15:59:41",00:59:51,"Lever Lateral Raise",,15.000,10,,,DROP_SET
PUSH,"2026-03-31 15:59:41",00:59:51,"High Pulley Overhead Tricep Extension",,37.500,12,,,NORMAL_SET
PUSH,"2026-03-31 15:59:41",00:59:51,"High Pulley Overhead Tricep Extension",,37.500,10,,,NORMAL_SET
PUSH,"2026-03-31 15:59:41",00:59:51,"High Pulley Overhead Tricep Extension",,37.500,9,,,NORMAL_SET
PUSH,"2026-03-31 15:59:41",00:59:51,"Triceps Pushdown",,32.500,8,,,NORMAL_SET
PUSH,"2026-03-31 15:59:41",00:59:51,"Triceps Pushdown",,32.500,7,,,NORMAL_SET
PUSH,"2026-03-31 15:59:41",00:59:51,"Triceps Pushdown",,32.500,7,,,NORMAL_SET
PULL,"2026-03-30 15:05:39",00:57:39,"Barbell Lying Row on Rack",,40.000,12,,,WARMUP_SET
PULL,"2026-03-30 15:05:39",00:57:39,"Barbell Lying Row on Rack",,65.000,2,,,FEEDER_SET
PULL,"2026-03-30 15:05:39",00:57:39,"Barbell Lying Row on Rack",,70.000,11,,,TOP_SET
PULL,"2026-03-30 15:05:39",00:57:39,"Barbell Lying Row on Rack",,65.000,12,,,BACK_OFF_SET
PULL,"2026-03-30 15:05:39",00:57:39,"Lever High Row",,100.000,8,,,NORMAL_SET
PULL,"2026-03-30 15:05:39",00:57:39,"Lever High Row",,80.000,10,,,TOP_SET
PULL,"2026-03-30 15:05:39",00:57:39,"Lever High Row",,90.000,9,,,BACK_OFF_SET
PULL,"2026-03-30 15:05:39",00:57:39,"Lever One Arm Low Row",,90.000,8,,,NORMAL_SET
PULL,"2026-03-30 15:05:39",00:57:39,"Lever One Arm Low Row",,80.000,10,,,NORMAL_SET
PULL,"2026-03-30 15:05:39",00:57:39,"Lever One Arm Low Row",,80.000,8,,,NORMAL_SET
PULL,"2026-03-30 15:05:39",00:57:39,"Cable Unilateral Bicep Curl",,25.000,8,,,NORMAL_SET
PULL,"2026-03-30 15:05:39",00:57:39,"Cable Unilateral Bicep Curl",,20.000,10,,,NORMAL_SET
PULL,"2026-03-30 15:05:39",00:57:39,"Cable Unilateral Bicep Curl",,20.000,9,,,NORMAL_SET
PULL,"2026-03-30 15:05:39",00:57:39,"Cross Body Hammer Curl",,12.000,12,,,NORMAL_SET
PULL,"2026-03-30 15:05:39",00:57:39,"Cross Body Hammer Curl",,12.000,12,,,NORMAL_SET
PULL,"2026-03-30 15:05:39",00:57:39,"Cross Body Hammer Curl",,12.000,3,,,MYO_REPS_SET
PULL,"2026-03-30 15:05:39",00:57:39,"Lever Seated Reverse Fly",,22.500,7,,,NORMAL_SET
PULL,"2026-03-30 15:05:39",00:57:39,"Lever Seated Reverse Fly",,20.000,8,,,NORMAL_SET
PULL,"2026-03-30 15:05:39",00:57:39,"Lever Seated Reverse Fly",,20.000,8,,,NORMAL_SET
PULL,"2026-03-26 11:08:06",00:59:47,"Barbell Lying Row on Rack",,40.000,12,,,WARMUP_SET
PULL,"2026-03-26 11:08:06",00:59:47,"Barbell Lying Row on Rack",,65.000,2,,,FEEDER_SET
PULL,"2026-03-26 11:08:06",00:59:47,"Barbell Lying Row on Rack",,70.000,11,,,TOP_SET
PULL,"2026-03-26 11:08:06",00:59:47,"Barbell Lying Row on Rack",,65.000,10,,,BACK_OFF_SET
PULL,"2026-03-26 11:08:06",00:59:47,"Lever High Row",,100.000,9,,,NORMAL_SET
PULL,"2026-03-26 11:08:06",00:59:47,"Lever High Row",,80.000,12,,,TOP_SET
PULL,"2026-03-26 11:08:06",00:59:47,"Lever High Row",,90.000,8,,,BACK_OFF_SET
PULL,"2026-03-26 11:08:06",00:59:47,"Lever One Arm Low Row",,80.000,9,,,NORMAL_SET
PULL,"2026-03-26 11:08:06",00:59:47,"Lever One Arm Low Row",,80.000,9,,,NORMAL_SET
PULL,"2026-03-26 11:08:06",00:59:47,"Lever One Arm Low Row",,80.000,9,,,NORMAL_SET
PULL,"2026-03-26 11:08:06",00:59:47,"Cable Unilateral Bicep Curl",,25.000,9,,,NORMAL_SET
PULL,"2026-03-26 11:08:06",00:59:47,"Cable Unilateral Bicep Curl",,20.000,11,,,NORMAL_SET
PULL,"2026-03-26 11:08:06",00:59:47,"Cable Unilateral Bicep Curl",,20.000,9,,,NORMAL_SET
PULL,"2026-03-26 11:08:06",00:59:47,"Cross Body Hammer Curl",,12.000,12,,,NORMAL_SET
PULL,"2026-03-26 11:08:06",00:59:47,"Cross Body Hammer Curl",,12.000,12,,,NORMAL_SET
PULL,"2026-03-26 11:08:06",00:59:47,"Cross Body Hammer Curl",,12.000,3,,,MYO_REPS_SET
PULL,"2026-03-26 11:08:06",00:59:47,"Lever Seated Reverse Fly",,22.500,8,,,NORMAL_SET
PULL,"2026-03-26 11:08:06",00:59:47,"Lever Seated Reverse Fly",,22.500,7,,,NORMAL_SET
PUSH,"2026-03-24 11:00:50",01:10:52,"Lever Incline Chest Press",,40.000,12,,,WARMUP_SET
PUSH,"2026-03-24 11:00:50",01:10:52,"Lever Incline Chest Press",,80.000,2,,,FEEDER_SET
PUSH,"2026-03-24 11:00:50",01:10:52,"Lever Incline Chest Press",,100.000,6,,,TOP_SET
PUSH,"2026-03-24 11:00:50",01:10:52,"Lever Incline Chest Press",,90.000,7,,,BACK_OFF_SET
PUSH,"2026-03-24 11:00:50",01:10:52,"Lever Chest Press",,55.000,10,,,NORMAL_SET
PUSH,"2026-03-24 11:00:50",01:10:52,"Lever Chest Press",,65.000,7,,,NORMAL_SET
PUSH,"2026-03-24 11:00:50",01:10:52,"Lever Chest Press",,60.000,9,,,NORMAL_SET
PUSH,"2026-03-24 11:00:50",01:10:52,"Lever Shoulder Press",,65.000,10,,,NORMAL_SET
PUSH,"2026-03-24 11:00:50",01:10:52,"Lever Shoulder Press",,65.000,10,,,NORMAL_SET
PUSH,"2026-03-24 11:00:50",01:10:52,"Lever Shoulder Press",,65.000,10,,,NORMAL_SET
PUSH,"2026-03-24 11:00:50",01:10:52,"Lever Lateral Raise",,30.000,11,,,DROP_SET
PUSH,"2026-03-24 11:00:50",01:10:52,"Lever Lateral Raise",,20.000,10,,,DROP_SET
PUSH,"2026-03-24 11:00:50",01:10:52,"Lever Lateral Raise",,15.000,10,,,DROP_SET
PUSH,"2026-03-24 11:00:50",01:10:52,"Lever Lateral Raise",,30.000,10,,,DROP_SET
PUSH,"2026-03-24 11:00:50",01:10:52,"Lever Lateral Raise",,20.000,8,,,DROP_SET
PUSH,"2026-03-24 11:00:50",01:10:52,"Lever Lateral Raise",,15.000,8,,,DROP_SET
PUSH,"2026-03-24 11:00:50",01:10:52,"Lever Lateral Raise",,30.000,10,,,DROP_SET
PUSH,"2026-03-24 11:00:50",01:10:52,"Lever Lateral Raise",,20.000,7,,,DROP_SET
PUSH,"2026-03-24 11:00:50",01:10:52,"Lever Lateral Raise",,15.000,5,,,DROP_SET
PUSH,"2026-03-24 11:00:50",01:10:52,"High Pulley Overhead Tricep Extension",,40.000,5,,,NORMAL_SET
PUSH,"2026-03-24 11:00:50",01:10:52,"High Pulley Overhead Tricep Extension",,37.500,7,,,NORMAL_SET
PUSH,"2026-03-24 11:00:50",01:10:52,"High Pulley Overhead Tricep Extension",,37.500,6,,,NORMAL_SET
PUSH,"2026-03-24 11:00:50",01:10:52,"Triceps Pushdown",,32.500,8,,,NORMAL_SET
PUSH,"2026-03-24 11:00:50",01:10:52,"Triceps Pushdown",,32.500,7,,,NORMAL_SET
PUSH,"2026-03-24 11:00:50",01:10:52,"Triceps Pushdown",,32.500,6,,,NORMAL_SET
PULL,"2026-03-23 10:45:50",00:57:16,"Barbell Lying Row on Rack",,40.000,12,,,WARMUP_SET
PULL,"2026-03-23 10:45:50",00:57:16,"Barbell Lying Row on Rack",,65.000,2,,,FEEDER_SET
PULL,"2026-03-23 10:45:50",00:57:16,"Barbell Lying Row on Rack",,70.000,9,,,TOP_SET
PULL,"2026-03-23 10:45:50",00:57:16,"Barbell Lying Row on Rack",,65.000,11,,,BACK_OFF_SET
PULL,"2026-03-23 10:45:50",00:57:16,"Lever High Row",,80.000,12,,,NORMAL_SET
PULL,"2026-03-23 10:45:50",00:57:16,"Lever High Row",,100.000,7,,,TOP_SET
PULL,"2026-03-23 10:45:50",00:57:16,"Lever High Row",,90.000,9,,,BACK_OFF_SET
PULL,"2026-03-23 10:45:50",00:57:16,"Lever One Arm Low Row",,80.000,10,,,NORMAL_SET
PULL,"2026-03-23 10:45:50",00:57:16,"Lever One Arm Low Row",,80.000,8,,,NORMAL_SET
PULL,"2026-03-23 10:45:50",00:57:16,"Lever One Arm Low Row",,80.000,7,,,NORMAL_SET
PULL,"2026-03-23 10:45:50",00:57:16,"Cable Unilateral Bicep Curl",,25.000,10,,,NORMAL_SET
PULL,"2026-03-23 10:45:50",00:57:16,"Cable Unilateral Bicep Curl",,20.000,9,,,NORMAL_SET
PULL,"2026-03-23 10:45:50",00:57:16,"Cable Unilateral Bicep Curl",,20.000,8,,,NORMAL_SET
PULL,"2026-03-23 10:45:50",00:57:16,"Cross Body Hammer Curl",,14.000,10,,,NORMAL_SET
PULL,"2026-03-23 10:45:50",00:57:16,"Cross Body Hammer Curl",,14.000,8,,,NORMAL_SET
PULL,"2026-03-23 10:45:50",00:57:16,"Cross Body Hammer Curl",,14.000,3,,,MYO_REPS_SET
PULL,"2026-03-23 10:45:50",00:57:16,"Lever Seated Reverse Fly",,25.000,8,,,NORMAL_SET
PULL,"2026-03-23 10:45:50",00:57:16,"Lever Seated Reverse Fly",,22.500,7,,,NORMAL_SET
PULL,"2026-03-23 10:45:50",00:57:16,"Lever Seated Reverse Fly",,22.500,7,,,NORMAL_SET
PUSH,"2026-03-20 10:03:19",01:01:30,"Lever Incline Chest Press",,40.000,12,,,WARMUP_SET
PUSH,"2026-03-20 10:03:19",01:01:30,"Lever Incline Chest Press",,75.000,2,,,FEEDER_SET
PUSH,"2026-03-20 10:03:19",01:01:30,"Lever Incline Chest Press",,100.000,8,,,TOP_SET
PUSH,"2026-03-20 10:03:19",01:01:30,"Lever Incline Chest Press",,90.000,6,,,BACK_OFF_SET
PUSH,"2026-03-20 10:03:19",01:01:30,"Lever Shoulder Press",,65.000,9,,,NORMAL_SET
PUSH,"2026-03-20 10:03:19",01:01:30,"Lever Shoulder Press",,65.000,9,,,NORMAL_SET
PUSH,"2026-03-20 10:03:19",01:01:30,"Lever Shoulder Press",,65.000,8,,,NORMAL_SET
PUSH,"2026-03-20 10:03:19",01:01:30,"Lever Chest Press",,55.000,10,,,NORMAL_SET
PUSH,"2026-03-20 10:03:19",01:01:30,"Lever Chest Press",,65.000,6,,,NORMAL_SET
PUSH,"2026-03-20 10:03:19",01:01:30,"Lever Chest Press",,60.000,6,,,NORMAL_SET
PUSH,"2026-03-20 10:03:19",01:01:30,"Lever Lateral Raise",,30.000,10,,,DROP_SET
PUSH,"2026-03-20 10:03:19",01:01:30,"Lever Lateral Raise",,20.000,10,,,DROP_SET
PUSH,"2026-03-20 10:03:19",01:01:30,"Lever Lateral Raise",,15.000,10,,,DROP_SET
PUSH,"2026-03-20 10:03:19",01:01:30,"Lever Lateral Raise",,30.000,10,,,DROP_SET
PUSH,"2026-03-20 10:03:19",01:01:30,"Lever Lateral Raise",,20.000,8,,,DROP_SET
PUSH,"2026-03-20 10:03:19",01:01:30,"Lever Lateral Raise",,15.000,7,,,DROP_SET
PUSH,"2026-03-20 10:03:19",01:01:30,"Lever Lateral Raise",,30.000,8,,,DROP_SET
PUSH,"2026-03-20 10:03:19",01:01:30,"Lever Lateral Raise",,20.000,7,,,DROP_SET
PUSH,"2026-03-20 10:03:19",01:01:30,"Lever Lateral Raise",,15.000,6,,,DROP_SET
PUSH,"2026-03-20 10:03:19",01:01:30,"High Pulley Overhead Tricep Extension",,40.000,7,,,NORMAL_SET
PUSH,"2026-03-20 10:03:19",01:01:30,"High Pulley Overhead Tricep Extension",,37.500,8,,,NORMAL_SET
PUSH,"2026-03-20 10:03:19",01:01:30,"High Pulley Overhead Tricep Extension",,37.500,9,,,NORMAL_SET
PUSH,"2026-03-20 10:03:19",01:01:30,"Triceps Pushdown",,30.000,11,,,NORMAL_SET
PUSH,"2026-03-20 10:03:19",01:01:30,"Triceps Pushdown",,30.000,9,,,NORMAL_SET
PUSH,"2026-03-20 10:03:19",01:01:30,"Triceps Pushdown",,30.000,8,,,NORMAL_SET
PULL,"2026-03-19 11:19:11",01:07:23,"Barbell Lying Row on Rack",,40.000,12,,,WARMUP_SET
PULL,"2026-03-19 11:19:11",01:07:23,"Barbell Lying Row on Rack",,65.000,2,,,FEEDER_SET
PULL,"2026-03-19 11:19:11",01:07:23,"Barbell Lying Row on Rack",,70.000,10,,,TOP_SET
PULL,"2026-03-19 11:19:11",01:07:23,"Barbell Lying Row on Rack",,65.000,12,,,BACK_OFF_SET
PULL,"2026-03-19 11:19:11",01:07:23,"Lever High Row",,80.000,12,,,NORMAL_SET
PULL,"2026-03-19 11:19:11",01:07:23,"Lever High Row",,100.000,9,,,TOP_SET
PULL,"2026-03-19 11:19:11",01:07:23,"Lever High Row",,90.000,8,,,BACK_OFF_SET
PULL,"2026-03-19 11:19:11",01:07:23,"Lever One Arm Low Row",,80.000,9,,,NORMAL_SET
PULL,"2026-03-19 11:19:11",01:07:23,"Lever One Arm Low Row",,80.000,8,,,NORMAL_SET
PULL,"2026-03-19 11:19:11",01:07:23,"Lever One Arm Low Row",,80.000,9,,,NORMAL_SET
PULL,"2026-03-19 11:19:11",01:07:23,"Cable Unilateral Bicep Curl",,25.000,9,,,NORMAL_SET
PULL,"2026-03-19 11:19:11",01:07:23,"Cable Unilateral Bicep Curl",,20.000,10,,,NORMAL_SET
PULL,"2026-03-19 11:19:11",01:07:23,"Cable Unilateral Bicep Curl",,20.000,9,,,NORMAL_SET
PULL,"2026-03-19 11:19:11",01:07:23,"Cross Body Hammer Curl",,12.000,12,,,NORMAL_SET
PULL,"2026-03-19 11:19:11",01:07:23,"Cross Body Hammer Curl",,12.000,12,,,NORMAL_SET
PULL,"2026-03-19 11:19:11",01:07:23,"Cross Body Hammer Curl",,12.000,4,,,MYO_REPS_SET
PULL,"2026-03-19 11:19:11",01:07:23,"Lever Seated Reverse Fly",,22.500,8,,,NORMAL_SET
PULL,"2026-03-19 11:19:11",01:07:23,"Lever Seated Reverse Fly",,22.500,8,,,NORMAL_SET
PULL,"2026-03-19 11:19:11",01:07:23,"Lever Seated Reverse Fly",,22.500,7,,,NORMAL_SET
"LEG ","2026-03-18 11:01:36",00:41:27,"Lever Belt Squat",,85.000,5,,,WARMUP_SET
"LEG ","2026-03-18 11:01:36",00:41:27,"Lever Belt Squat",,150.000,2,,,FEEDER_SET
"LEG ","2026-03-18 11:01:36",00:41:27,"Lever Belt Squat",,200.000,5,,,TOP_SET
"LEG ","2026-03-18 11:01:36",00:41:27,"Lever Belt Squat",,180.000,6,,,BACK_OFF_SET
"LEG ","2026-03-18 11:01:36",00:41:27,"Smith Deadlift",,40.000,5,,,FEEDER_SET
"LEG ","2026-03-18 11:01:36",00:41:27,"Smith Deadlift",,60.000,1,,,FEEDER_SET
"LEG ","2026-03-18 11:01:36",00:41:27,"Smith Deadlift",,70.000,7,,,TOP_SET
"LEG ","2026-03-18 11:01:36",00:41:27,"Smith Deadlift",,60.000,8,,,BACK_OFF_SET
"LEG ","2026-03-18 11:01:36",00:41:27,"Lever Lying Leg Curl",,20.000,15,,,NORMAL_SET
"LEG ","2026-03-18 11:01:36",00:41:27,"Lever Lying Leg Curl",,15.000,8,,,DROP_SET
"LEG ","2026-03-18 11:01:36",00:41:27,"Lever Lying Leg Curl",,10.000,12,,,DROP_SET
PUSH,"2026-03-17 10:46:19",01:08:50,"Lever Incline Chest Press",,40.000,12,,,WARMUP_SET
PUSH,"2026-03-17 10:46:19",01:08:50,"Lever Incline Chest Press",,80.000,2,,,FEEDER_SET
PUSH,"2026-03-17 10:46:19",01:08:50,"Lever Incline Chest Press",,100.000,5,,,TOP_SET
PUSH,"2026-03-17 10:46:19",01:08:50,"Lever Incline Chest Press",,90.000,6,,,BACK_OFF_SET
PUSH,"2026-03-17 10:46:19",01:08:50,"Lever Chest Press",,55.000,12,,,NORMAL_SET
PUSH,"2026-03-17 10:46:19",01:08:50,"Lever Chest Press",,65.000,7,,,NORMAL_SET
PUSH,"2026-03-17 10:46:19",01:08:50,"Lever Chest Press",,60.000,7,,,NORMAL_SET
PUSH,"2026-03-17 10:46:19",01:08:50,"Lever Shoulder Press",,65.000,10,,,NORMAL_SET
PUSH,"2026-03-17 10:46:19",01:08:50,"Lever Shoulder Press",,65.000,9,,,NORMAL_SET
PUSH,"2026-03-17 10:46:19",01:08:50,"Lever Shoulder Press",,65.000,7,,,NORMAL_SET
PUSH,"2026-03-17 10:46:19",01:08:50,"Lever Lateral Raise",,30.000,10,,,DROP_SET
PUSH,"2026-03-17 10:46:19",01:08:50,"Lever Lateral Raise",,20.000,10,,,DROP_SET
PUSH,"2026-03-17 10:46:19",01:08:50,"Lever Lateral Raise",,15.000,8,,,DROP_SET
PUSH,"2026-03-17 10:46:19",01:08:50,"Lever Lateral Raise",,30.000,9,,,DROP_SET
PUSH,"2026-03-17 10:46:19",01:08:50,"Lever Lateral Raise",,20.000,8,,,DROP_SET
PUSH,"2026-03-17 10:46:19",01:08:50,"Lever Lateral Raise",,15.000,7,,,DROP_SET
PUSH,"2026-03-17 10:46:19",01:08:50,"Lever Lateral Raise",,30.000,9,,,DROP_SET
PUSH,"2026-03-17 10:46:19",01:08:50,"Lever Lateral Raise",,20.000,8,,,DROP_SET
PUSH,"2026-03-17 10:46:19",01:08:50,"Lever Lateral Raise",,15.000,7,,,DROP_SET
PUSH,"2026-03-17 10:46:19",01:08:50,"High Pulley Overhead Tricep Extension",,35.000,12,,,NORMAL_SET
PUSH,"2026-03-17 10:46:19",01:08:50,"High Pulley Overhead Tricep Extension",,35.000,12,,,NORMAL_SET
PUSH,"2026-03-17 10:46:19",01:08:50,"High Pulley Overhead Tricep Extension",,35.000,11,,,NORMAL_SET
PUSH,"2026-03-17 10:46:19",01:08:50,"Triceps Pushdown",,30.000,9,,,NORMAL_SET
PUSH,"2026-03-17 10:46:19",01:08:50,"Triceps Pushdown",,30.000,10,,,NORMAL_SET
PUSH,"2026-03-17 10:46:19",01:08:50,"Triceps Pushdown",,30.000,8,,,NORMAL_SET
PULL,"2026-03-16 10:44:53",01:02:43,"Barbell Lying Row on Rack",,40.000,12,,,WARMUP_SET
PULL,"2026-03-16 10:44:53",01:02:43,"Barbell Lying Row on Rack",,65.000,2,,,FEEDER_SET
PULL,"2026-03-16 10:44:53",01:02:43,"Barbell Lying Row on Rack",,70.000,9,,,TOP_SET
PULL,"2026-03-16 10:44:53",01:02:43,"Barbell Lying Row on Rack",,65.000,12,,,BACK_OFF_SET
PULL,"2026-03-16 10:44:53",01:02:43,"Lever High Row",,80.000,12,,,NORMAL_SET
PULL,"2026-03-16 10:44:53",01:02:43,"Lever High Row",,100.000,7,,,TOP_SET
PULL,"2026-03-16 10:44:53",01:02:43,"Lever High Row",,90.000,8,,,BACK_OFF_SET
PULL,"2026-03-16 10:44:53",01:02:43,"Lever One Arm Low Row",,85.000,9,,,NORMAL_SET
PULL,"2026-03-16 10:44:53",01:02:43,"Lever One Arm Low Row",,85.000,8,,,NORMAL_SET
PULL,"2026-03-16 10:44:53",01:02:43,"Lever One Arm Low Row",,85.000,7,,,NORMAL_SET
PULL,"2026-03-16 10:44:53",01:02:43,"Cable Unilateral Bicep Curl",,25.000,10,,,NORMAL_SET
PULL,"2026-03-16 10:44:53",01:02:43,"Cable Unilateral Bicep Curl",,20.000,10,,,NORMAL_SET
PULL,"2026-03-16 10:44:53",01:02:43,"Cable Unilateral Bicep Curl",,20.000,10,,,NORMAL_SET
PULL,"2026-03-16 10:44:53",01:02:43,"Cross Body Hammer Curl",,14.000,8,,,NORMAL_SET
PULL,"2026-03-16 10:44:53",01:02:43,"Cross Body Hammer Curl",,14.000,6,,,NORMAL_SET
PULL,"2026-03-16 10:44:53",01:02:43,"Cross Body Hammer Curl",,14.000,2,,,MYO_REPS_SET
PULL,"2026-03-16 10:44:53",01:02:43,"Lever Seated Reverse Fly",,22.500,8,,,NORMAL_SET
PULL,"2026-03-16 10:44:53",01:02:43,"Lever Seated Reverse Fly",,22.500,8,,,NORMAL_SET
PULL,"2026-03-16 10:44:53",01:02:43,"Lever Seated Reverse Fly",,22.500,7,,,NORMAL_SET
PUSH,"2026-03-13 09:57:39",00:58:06,"Lever Incline Chest Press",,40.000,12,,,WARMUP_SET
PUSH,"2026-03-13 09:57:39",00:58:06,"Lever Incline Chest Press",,80.000,2,,,FEEDER_SET
PUSH,"2026-03-13 09:57:39",00:58:06,"Lever Incline Chest Press",,100.000,5,,,TOP_SET
PUSH,"2026-03-13 09:57:39",00:58:06,"Lever Incline Chest Press",,90.000,7,,,BACK_OFF_SET
PUSH,"2026-03-13 09:57:39",00:58:06,"Lever Chest Press",,55.000,9,,,NORMAL_SET
PUSH,"2026-03-13 09:57:39",00:58:06,"Lever Chest Press",,65.000,9,,,TOP_SET
PUSH,"2026-03-13 09:57:39",00:58:06,"Lever Chest Press",,60.000,5,,,BACK_OFF_SET
PUSH,"2026-03-13 09:57:39",00:58:06,"Lever Shoulder Press",,65.000,9,,,NORMAL_SET
PUSH,"2026-03-13 09:57:39",00:58:06,"Lever Shoulder Press",,65.000,6,,,NORMAL_SET
PUSH,"2026-03-13 09:57:39",00:58:06,"Lever Shoulder Press",,60.000,10,,,NORMAL_SET
PUSH,"2026-03-13 09:57:39",00:58:06,"Lever Lateral Raise",,30.000,10,,,DROP_SET
PUSH,"2026-03-13 09:57:39",00:58:06,"Lever Lateral Raise",,20.000,10,,,DROP_SET
PUSH,"2026-03-13 09:57:39",00:58:06,"Lever Lateral Raise",,15.000,10,,,DROP_SET
PUSH,"2026-03-13 09:57:39",00:58:06,"Lever Lateral Raise",,30.000,10,,,DROP_SET
PUSH,"2026-03-13 09:57:39",00:58:06,"Lever Lateral Raise",,20.000,9,,,DROP_SET
PUSH,"2026-03-13 09:57:39",00:58:06,"Lever Lateral Raise",,15.000,8,,,DROP_SET
PUSH,"2026-03-13 09:57:39",00:58:06,"Lever Lateral Raise",,30.000,9,,,DROP_SET
PUSH,"2026-03-13 09:57:39",00:58:06,"Lever Lateral Raise",,20.000,7,,,DROP_SET
PUSH,"2026-03-13 09:57:39",00:58:06,"Lever Lateral Raise",,15.000,8,,,DROP_SET
PUSH,"2026-03-13 09:57:39",00:58:06,"High Pulley Overhead Tricep Extension",,35.000,11,,,NORMAL_SET
PUSH,"2026-03-13 09:57:39",00:58:06,"High Pulley Overhead Tricep Extension",,35.000,9,,,NORMAL_SET
PUSH,"2026-03-13 09:57:39",00:58:06,"High Pulley Overhead Tricep Extension",,35.000,8,,,NORMAL_SET
PUSH,"2026-03-13 09:57:39",00:58:06,"Triceps Pushdown",,30.000,11,,,NORMAL_SET
PUSH,"2026-03-13 09:57:39",00:58:06,"Triceps Pushdown",,30.000,11,,,NORMAL_SET
PUSH,"2026-03-13 09:57:39",00:58:06,"Triceps Pushdown",,30.000,9,,,NORMAL_SET
PULL,"2026-03-12 10:54:41",01:11:56,"Hammer Grip Pull-up on Dip Cage",,0.000,8,,,NORMAL_SET
PULL,"2026-03-12 10:54:41",01:11:56,"Hammer Grip Pull-up on Dip Cage",,0.000,6,,,NORMAL_SET
PULL,"2026-03-12 10:54:41",01:11:56,"Hammer Grip Pull-up on Dip Cage",,0.000,6,,,NORMAL_SET
PULL,"2026-03-12 10:54:41",01:11:56,"Barbell Lying Row on Rack",,40.000,12,,,WARMUP_SET
PULL,"2026-03-12 10:54:41",01:11:56,"Barbell Lying Row on Rack",,65.000,2,,,FEEDER_SET
PULL,"2026-03-12 10:54:41",01:11:56,"Barbell Lying Row on Rack",,65.000,12,,,TOP_SET
PULL,"2026-03-12 10:54:41",01:11:56,"Barbell Lying Row on Rack",,65.000,8,,,BACK_OFF_SET
PULL,"2026-03-12 10:54:41",01:11:56,"Lever High Row",,80.000,12,,,NORMAL_SET
PULL,"2026-03-12 10:54:41",01:11:56,"Lever High Row",,100.000,8,,,TOP_SET
PULL,"2026-03-12 10:54:41",01:11:56,"Lever High Row",,90.000,8,,,BACK_OFF_SET
PULL,"2026-03-12 10:54:41",01:11:56,"Lever One Arm Low Row",,40.000,9,,,NORMAL_SET
PULL,"2026-03-12 10:54:41",01:11:56,"Lever One Arm Low Row",,40.000,8,,,NORMAL_SET
PULL,"2026-03-12 10:54:41",01:11:56,"Lever One Arm Low Row",,40.000,8,,,NORMAL_SET
PULL,"2026-03-12 10:54:41",01:11:56,"Cable Unilateral Bicep Curl",,25.000,9,,,NORMAL_SET
PULL,"2026-03-12 10:54:41",01:11:56,"Cable Unilateral Bicep Curl",,20.000,11,,,NORMAL_SET
PULL,"2026-03-12 10:54:41",01:11:56,"Cable Unilateral Bicep Curl",,20.000,9,,,NORMAL_SET
PULL,"2026-03-12 10:54:41",01:11:56,"Cross Body Hammer Curl",,12.000,12,,,NORMAL_SET
PULL,"2026-03-12 10:54:41",01:11:56,"Cross Body Hammer Curl",,12.000,12,,,NORMAL_SET
PULL,"2026-03-12 10:54:41",01:11:56,"Cross Body Hammer Curl",,12.000,3,,,MYO_REPS_SET
PULL,"2026-03-12 10:54:41",01:11:56,"Lever Seated Reverse Fly",,22.500,8,,,NORMAL_SET
PULL,"2026-03-12 10:54:41",01:11:56,"Lever Seated Reverse Fly",,22.500,8,,,NORMAL_SET
PULL,"2026-03-12 10:54:41",01:11:56,"Lever Seated Reverse Fly",,22.500,6,,,NORMAL_SET
"LEG ","2026-03-11 10:43:32",00:38:16,"Lever Belt Squat",,80.000,5,,,WARMUP_SET
"LEG ","2026-03-11 10:43:32",00:38:16,"Lever Belt Squat",,150.000,2,,,FEEDER_SET
"LEG ","2026-03-11 10:43:32",00:38:16,"Lever Belt Squat",,190.000,5,,,TOP_SET
"LEG ","2026-03-11 10:43:32",00:38:16,"Lever Belt Squat",,170.000,5,,,BACK_OFF_SET
"LEG ","2026-03-11 10:43:32",00:38:16,"Smith Deadlift",,40.000,5,,,FEEDER_SET
"LEG ","2026-03-11 10:43:32",00:38:16,"Smith Deadlift",,60.000,1,,,FEEDER_SET
"LEG ","2026-03-11 10:43:32",00:38:16,"Smith Deadlift",,70.000,7,,,TOP_SET
"LEG ","2026-03-11 10:43:32",00:38:16,"Smith Deadlift",,60.000,9,,,BACK_OFF_SET
"LEG ","2026-03-11 10:43:32",00:38:16,"Lever Lying Leg Curl",,20.000,15,,,NORMAL_SET
"LEG ","2026-03-11 10:43:32",00:38:16,"Lever Lying Leg Curl",,15.000,11,,,DROP_SET
"LEG ","2026-03-11 10:43:32",00:38:16,"Lever Lying Leg Curl",,10.000,12,,,DROP_SET
PUSH,"2026-03-10 10:49:36",01:02:29,"Lever Incline Chest Press",,40.000,12,,,WARMUP_SET
PUSH,"2026-03-10 10:49:36",01:02:29,"Lever Incline Chest Press",,80.000,2,,,FEEDER_SET
PUSH,"2026-03-10 10:49:36",01:02:29,"Lever Incline Chest Press",,100.000,8,,,TOP_SET
PUSH,"2026-03-10 10:49:36",01:02:29,"Lever Incline Chest Press",,90.000,7,,,BACK_OFF_SET
PUSH,"2026-03-10 10:49:36",01:02:29,"Lever Chest Press",,55.000,8,,,NORMAL_SET
PUSH,"2026-03-10 10:49:36",01:02:29,"Lever Chest Press",,65.000,7,,,TOP_SET
PUSH,"2026-03-10 10:49:36",01:02:29,"Lever Chest Press",,60.000,8,,,BACK_OFF_SET
PUSH,"2026-03-10 10:49:36",01:02:29,"Lever Shoulder Press",,65.000,10,,,NORMAL_SET
PUSH,"2026-03-10 10:49:36",01:02:29,"Lever Shoulder Press",,65.000,9,,,NORMAL_SET
PUSH,"2026-03-10 10:49:36",01:02:29,"Lever Shoulder Press",,65.000,5,,,NORMAL_SET
PUSH,"2026-03-10 10:49:36",01:02:29,"Seated Lateral Raise",,8.000,10,,,NORMAL_SET
PUSH,"2026-03-10 10:49:36",01:02:29,"Seated Lateral Raise",,8.000,12,,,NORMAL_SET
PUSH,"2026-03-10 10:49:36",01:02:29,"Seated Lateral Raise",,8.000,12,,,NORMAL_SET
PUSH,"2026-03-10 10:49:36",01:02:29,"High Pulley Overhead Tricep Extension",,35.000,10,,,NORMAL_SET
PUSH,"2026-03-10 10:49:36",01:02:29,"High Pulley Overhead Tricep Extension",,35.000,9,,,NORMAL_SET
PUSH,"2026-03-10 10:49:36",01:02:29,"High Pulley Overhead Tricep Extension",,35.000,8,,,NORMAL_SET
PUSH,"2026-03-10 10:49:36",01:02:29,"Triceps Pushdown",,30.000,10,,,NORMAL_SET
PUSH,"2026-03-10 10:49:36",01:02:29,"Triceps Pushdown",,30.000,10,,,NORMAL_SET
PUSH,"2026-03-10 10:49:36",01:02:29,"Triceps Pushdown",,30.000,8,,,NORMAL_SET
PULL,"2026-03-09 09:46:42",01:07:47,"Hammer Grip Pull-up on Dip Cage",,0.000,9,,,NORMAL_SET
PULL,"2026-03-09 09:46:42",01:07:47,"Hammer Grip Pull-up on Dip Cage",,0.000,7,,,NORMAL_SET
PULL,"2026-03-09 09:46:42",01:07:47,"Hammer Grip Pull-up on Dip Cage",,0.000,6,,,NORMAL_SET
PULL,"2026-03-09 09:46:42",01:07:47,"Barbell Lying Row on Rack",,40.000,10,,,WARMUP_SET
PULL,"2026-03-09 09:46:42",01:07:47,"Barbell Lying Row on Rack",,65.000,2,,,FEEDER_SET
PULL,"2026-03-09 09:46:42",01:07:47,"Barbell Lying Row on Rack",,65.000,10,,,TOP_SET
PULL,"2026-03-09 09:46:42",01:07:47,"Barbell Lying Row on Rack",,65.000,8,,,BACK_OFF_SET
PULL,"2026-03-09 09:46:42",01:07:47,"Lever High Row",,90.000,11,,,NORMAL_SET
PULL,"2026-03-09 09:46:42",01:07:47,"Lever High Row",,90.000,10,,,NORMAL_SET
PULL,"2026-03-09 09:46:42",01:07:47,"Lever High Row",,90.000,9,,,NORMAL_SET
PULL,"2026-03-09 09:46:42",01:07:47,"Lever One Arm Low Row",,40.000,9,,,NORMAL_SET
PULL,"2026-03-09 09:46:42",01:07:47,"Lever One Arm Low Row",,40.000,9,,,NORMAL_SET
PULL,"2026-03-09 09:46:42",01:07:47,"Lever One Arm Low Row",,40.000,7,,,NORMAL_SET
PULL,"2026-03-09 09:46:42",01:07:47,"Cable Unilateral Bicep Curl",,25.000,9,,,NORMAL_SET
PULL,"2026-03-09 09:46:42",01:07:47,"Cable Unilateral Bicep Curl",,20.000,9,,,NORMAL_SET
PULL,"2026-03-09 09:46:42",01:07:47,"Cable Unilateral Bicep Curl",,20.000,7,,,NORMAL_SET
PULL,"2026-03-09 09:46:42",01:07:47,"Cross Body Hammer Curl",,14.000,9,,,NORMAL_SET
PULL,"2026-03-09 09:46:42",01:07:47,"Cross Body Hammer Curl",,14.000,9,,,NORMAL_SET
PULL,"2026-03-09 09:46:42",01:07:47,"Cross Body Hammer Curl",,14.000,3,,,MYO_REPS_SET
PULL,"2026-03-09 09:46:42",01:07:47,"Lever Seated Reverse Fly",,20.000,12,,,NORMAL_SET
PULL,"2026-03-09 09:46:42",01:07:47,"Lever Seated Reverse Fly",,22.500,7,,,NORMAL_SET
PULL,"2026-03-09 09:46:42",01:07:47,"Lever Seated Reverse Fly",,22.500,6,,,NORMAL_SET
PUSH,"2026-03-06 11:30:40",00:58:24,"Lever Incline Chest Press",,40.000,12,,,WARMUP_SET
PUSH,"2026-03-06 11:30:40",00:58:24,"Lever Incline Chest Press",,80.000,2,,,FEEDER_SET
PUSH,"2026-03-06 11:30:40",00:58:24,"Lever Incline Chest Press",,100.000,8,,,TOP_SET
PUSH,"2026-03-06 11:30:40",00:58:24,"Lever Incline Chest Press",,90.000,6,,,BACK_OFF_SET
PUSH,"2026-03-06 11:30:40",00:58:24,"Lever Chest Press",,60.000,6,,,NORMAL_SET
PUSH,"2026-03-06 11:30:40",00:58:24,"Lever Chest Press",,70.000,5,,,TOP_SET
PUSH,"2026-03-06 11:30:40",00:58:24,"Lever Chest Press",,65.000,5,,,BACK_OFF_SET
PUSH,"2026-03-06 11:30:40",00:58:24,"Lever Shoulder Press",,65.000,10,,,NORMAL_SET
PUSH,"2026-03-06 11:30:40",00:58:24,"Lever Shoulder Press",,65.000,8,,,NORMAL_SET
PUSH,"2026-03-06 11:30:40",00:58:24,"Lever Shoulder Press",,65.000,7,,,NORMAL_SET
PUSH,"2026-03-06 11:30:40",00:58:24,"Lever Lateral Raise",,35.000,9,,,DROP_SET
PUSH,"2026-03-06 11:30:40",00:58:24,"Lever Lateral Raise",,25.000,10,,,DROP_SET
PUSH,"2026-03-06 11:30:40",00:58:24,"Lever Lateral Raise",,15.000,10,,,DROP_SET
PUSH,"2026-03-06 11:30:40",00:58:24,"Lever Lateral Raise",,30.000,10,,,DROP_SET
PUSH,"2026-03-06 11:30:40",00:58:24,"Lever Lateral Raise",,20.000,10,,,DROP_SET
PUSH,"2026-03-06 11:30:40",00:58:24,"Lever Lateral Raise",,15.000,10,,,DROP_SET
PUSH,"2026-03-06 11:30:40",00:58:24,"Lever Lateral Raise",,30.000,9,,,DROP_SET
PUSH,"2026-03-06 11:30:40",00:58:24,"Lever Lateral Raise",,20.000,7,,,DROP_SET
PUSH,"2026-03-06 11:30:40",00:58:24,"Lever Lateral Raise",,15.000,10,,,DROP_SET
PUSH,"2026-03-06 11:30:40",00:58:24,"High Pulley Overhead Tricep Extension",,35.000,10,,,NORMAL_SET
PUSH,"2026-03-06 11:30:40",00:58:24,"High Pulley Overhead Tricep Extension",,35.000,8,,,NORMAL_SET
PUSH,"2026-03-06 11:30:40",00:58:24,"High Pulley Overhead Tricep Extension",,35.000,8,,,NORMAL_SET
PUSH,"2026-03-06 11:30:40",00:58:24,"Triceps Pushdown",,30.000,9,,,NORMAL_SET
PUSH,"2026-03-06 11:30:40",00:58:24,"Triceps Pushdown",,30.000,9,,,NORMAL_SET
PUSH,"2026-03-06 11:30:40",00:58:24,"Triceps Pushdown",,30.000,10,,,NORMAL_SET
PULL,"2026-03-05 09:55:05",00:56:57,"Hammer Grip Pull-up on Dip Cage",,0.000,7,,,NORMAL_SET
PULL,"2026-03-05 09:55:05",00:56:57,"Hammer Grip Pull-up on Dip Cage",,0.000,6,,,NORMAL_SET
PULL,"2026-03-05 09:55:05",00:56:57,"Hammer Grip Pull-up on Dip Cage",,0.000,6,,,NORMAL_SET
PULL,"2026-03-05 09:55:05",00:56:57,"Barbell Lying Row on Rack",,40.000,12,,,WARMUP_SET
PULL,"2026-03-05 09:55:05",00:56:57,"Barbell Lying Row on Rack",,65.000,2,,,FEEDER_SET
PULL,"2026-03-05 09:55:05",00:56:57,"Barbell Lying Row on Rack",,65.000,10,,,TOP_SET
PULL,"2026-03-05 09:55:05",00:56:57,"Barbell Lying Row on Rack",,65.000,9,,,BACK_OFF_SET
PULL,"2026-03-05 09:55:05",00:56:57,"Lever High Row",,90.000,10,,,NORMAL_SET
PULL,"2026-03-05 09:55:05",00:56:57,"Lever High Row",,90.000,10,,,NORMAL_SET
PULL,"2026-03-05 09:55:05",00:56:57,"Lever High Row",,90.000,8,,,NORMAL_SET
PULL,"2026-03-05 09:55:05",00:56:57,"Lever One Arm Low Row",,40.000,9,,,LEFT_SET
PULL,"2026-03-05 09:55:05",00:56:57,"Lever One Arm Low Row",,40.000,9,,,RIGHT_SET
PULL,"2026-03-05 09:55:05",00:56:57,"Lever One Arm Low Row",,40.000,8,,,LEFT_SET
PULL,"2026-03-05 09:55:05",00:56:57,"Lever One Arm Low Row",,40.000,8,,,RIGHT_SET
PULL,"2026-03-05 09:55:05",00:56:57,"Lever One Arm Low Row",,40.000,8,,,LEFT_SET
PULL,"2026-03-05 09:55:05",00:56:57,"Cable Unilateral Bicep Curl",,25.000,8,,,NORMAL_SET
PULL,"2026-03-05 09:55:05",00:56:57,"Cable Unilateral Bicep Curl",,20.000,10,,,NORMAL_SET
PULL,"2026-03-05 09:55:05",00:56:57,"Cable Unilateral Bicep Curl",,20.000,8,,,NORMAL_SET
PULL,"2026-03-05 09:55:05",00:56:57,"Cross Body Hammer Curl",,12.000,12,,,NORMAL_SET
PULL,"2026-03-05 09:55:05",00:56:57,"Cross Body Hammer Curl",,12.000,12,,,NORMAL_SET
PUSH,"2026-03-03 11:25:50",01:05:34,"Lever Incline Chest Press",,40.000,12,,,WARMUP_SET
PUSH,"2026-03-03 11:25:50",01:05:34,"Lever Incline Chest Press",,80.000,2,,,FEEDER_SET
PUSH,"2026-03-03 11:25:50",01:05:34,"Lever Incline Chest Press",,95.000,7,,,TOP_SET
PUSH,"2026-03-03 11:25:50",01:05:34,"Lever Incline Chest Press",,85.000,7,,,BACK_OFF_SET
PUSH,"2026-03-03 11:25:50",01:05:34,"Lever Chest Press",,65.000,7,,,NORMAL_SET
PUSH,"2026-03-03 11:25:50",01:05:34,"Lever Chest Press",,65.000,6,,,NORMAL_SET
PUSH,"2026-03-03 11:25:50",01:05:34,"Lever Chest Press",,65.000,5,,,NORMAL_SET
PUSH,"2026-03-03 11:25:50",01:05:34,"Lever Shoulder Press",,65.000,10,,,NORMAL_SET
PUSH,"2026-03-03 11:25:50",01:05:34,"Lever Shoulder Press",,65.000,8,,,NORMAL_SET
PUSH,"2026-03-03 11:25:50",01:05:34,"Lever Shoulder Press",,65.000,7,,,NORMAL_SET
PUSH,"2026-03-03 11:25:50",01:05:34,"Lever Lateral Raise",,30.000,10,,,DROP_SET
PUSH,"2026-03-03 11:25:50",01:05:34,"Lever Lateral Raise",,20.000,10,,,DROP_SET
PUSH,"2026-03-03 11:25:50",01:05:34,"Lever Lateral Raise",,15.000,10,,,DROP_SET
PUSH,"2026-03-03 11:25:50",01:05:34,"Lever Lateral Raise",,30.000,10,,,DROP_SET
PUSH,"2026-03-03 11:25:50",01:05:34,"Lever Lateral Raise",,20.000,8,,,DROP_SET
PUSH,"2026-03-03 11:25:50",01:05:34,"Lever Lateral Raise",,15.000,9,,,DROP_SET
PUSH,"2026-03-03 11:25:50",01:05:34,"Lever Lateral Raise",,30.000,10,,,DROP_SET
PUSH,"2026-03-03 11:25:50",01:05:34,"Lever Lateral Raise",,20.000,9,,,DROP_SET
PUSH,"2026-03-03 11:25:50",01:05:34,"Lever Lateral Raise",,15.000,10,,,DROP_SET
PUSH,"2026-03-03 11:25:50",01:05:34,"High Pulley Overhead Tricep Extension",,35.000,11,,,NORMAL_SET
PUSH,"2026-03-03 11:25:50",01:05:34,"High Pulley Overhead Tricep Extension",,35.000,10,,,NORMAL_SET
PUSH,"2026-03-03 11:25:50",01:05:34,"High Pulley Overhead Tricep Extension",,35.000,8,,,NORMAL_SET
PUSH,"2026-03-03 11:25:50",01:05:34,"Triceps Pushdown",,30.000,9,,,NORMAL_SET
PUSH,"2026-03-03 11:25:50",01:05:34,"Triceps Pushdown",,30.000,9,,,NORMAL_SET
PUSH,"2026-03-03 11:25:50",01:05:34,"Triceps Pushdown",,30.000,8,,,NORMAL_SET
PULL,"2026-03-02 10:15:36",01:09:23,"Hammer Grip Pull-up on Dip Cage",,0.000,8,,,NORMAL_SET
PULL,"2026-03-02 10:15:36",01:09:23,"Hammer Grip Pull-up on Dip Cage",,0.000,6,,,NORMAL_SET
PULL,"2026-03-02 10:15:36",01:09:23,"Hammer Grip Pull-up on Dip Cage",,0.000,5,,,NORMAL_SET
PULL,"2026-03-02 10:15:36",01:09:23,"Barbell Lying Row on Rack",,40.000,12,,,WARMUP_SET
PULL,"2026-03-02 10:15:36",01:09:23,"Barbell Lying Row on Rack",,65.000,2,,,FEEDER_SET
PULL,"2026-03-02 10:15:36",01:09:23,"Barbell Lying Row on Rack",,70.000,6,,,TOP_SET
PULL,"2026-03-02 10:15:36",01:09:23,"Barbell Lying Row on Rack",,65.000,11,,,BACK_OFF_SET
PULL,"2026-03-02 10:15:36",01:09:23,"Lever High Row",,90.000,10,,,NORMAL_SET
PULL,"2026-03-02 10:15:36",01:09:23,"Lever High Row",,90.000,9,,,NORMAL_SET
PULL,"2026-03-02 10:15:36",01:09:23,"Lever High Row",,90.000,8,,,NORMAL_SET
PULL,"2026-03-02 10:15:36",01:09:23,"Lever One Arm Low Row",,40.000,9,,,LEFT_SET
PULL,"2026-03-02 10:15:36",01:09:23,"Lever One Arm Low Row",,40.000,9,,,RIGHT_SET
PULL,"2026-03-02 10:15:36",01:09:23,"Lever One Arm Low Row",,40.000,8,,,LEFT_SET
PULL,"2026-03-02 10:15:36",01:09:23,"Lever One Arm Low Row",,40.000,8,,,RIGHT_SET
PULL,"2026-03-02 10:15:36",01:09:23,"Lever One Arm Low Row",,40.000,8,,,LEFT_SET
PULL,"2026-03-02 10:15:36",01:09:23,"Lever One Arm Low Row",,40.000,8,,,RIGHT_SET
PULL,"2026-03-02 10:15:36",01:09:23,"Cable Unilateral Bicep Curl",,25.000,8,,,NORMAL_SET
PULL,"2026-03-02 10:15:36",01:09:23,"Cable Unilateral Bicep Curl",,20.000,9,,,NORMAL_SET
PULL,"2026-03-02 10:15:36",01:09:23,"Cable Unilateral Bicep Curl",,20.000,9,,,NORMAL_SET
PULL,"2026-03-02 10:15:36",01:09:23,"Cross Body Hammer Curl",,12.000,12,,,NORMAL_SET
PULL,"2026-03-02 10:15:36",01:09:23,"Cross Body Hammer Curl",,12.000,12,,,NORMAL_SET
PULL,"2026-03-02 10:15:36",01:09:23,"Cross Body Hammer Curl",,12.000,3,,,MYO_REPS_SET
"LEG ","2026-02-28 20:52:39",00:22:06,"Lever Belt Squat",,80.000,5,,,WARMUP_SET
"LEG ","2026-02-28 20:52:39",00:22:06,"Lever Belt Squat",,140.000,2,,,FEEDER_SET
"LEG ","2026-02-28 20:52:39",00:22:06,"Lever Belt Squat",,190.000,13,,,TOP_SET
"LEG ","2026-02-28 20:52:39",00:22:06,"Lever Belt Squat",,220.000,5,,,BACK_OFF_SET
"LEG ","2026-02-28 20:52:39",00:22:06,"Smith Deadlift",,40.000,5,,,FEEDER_SET
"LEG ","2026-02-28 20:52:39",00:22:06,"Smith Deadlift",,60.000,2,,,FEEDER_SET
"LEG ","2026-02-28 20:52:39",00:22:06,"Smith Deadlift",,70.000,7,,,TOP_SET
"LEG ","2026-02-28 20:52:39",00:22:06,"Smith Deadlift",,60.000,10,,,BACK_OFF_SET
"LEG ","2026-02-28 20:52:39",00:22:06,"Lever Lying Leg Curl",,20.000,15,,,NORMAL_SET
"LEG ","2026-02-28 20:52:39",00:22:06,"Lever Lying Leg Curl",,15.000,10,,,DROP_SET
"LEG ","2026-02-28 20:52:39",00:22:06,"Lever Lying Leg Curl",,10.000,10,,,DROP_SET
PUSH,"2026-02-27 11:23:16",00:55:33,"Lever Incline Chest Press",,40.000,12,,,WARMUP_SET
PUSH,"2026-02-27 11:23:16",00:55:33,"Lever Incline Chest Press",,70.000,2,,,FEEDER_SET
PUSH,"2026-02-27 11:23:16",00:55:33,"Lever Incline Chest Press",,90.000,8,,,TOP_SET
PUSH,"2026-02-27 11:23:16",00:55:33,"Lever Incline Chest Press",,80.000,9,,,BACK_OFF_SET
PUSH,"2026-02-27 11:23:16",00:55:33,"Lever Chest Press",,60.000,7,,,NORMAL_SET
PUSH,"2026-02-27 11:23:16",00:55:33,"Lever Chest Press",,60.000,7,,,NORMAL_SET
PUSH,"2026-02-27 11:23:16",00:55:33,"Lever Chest Press",,60.000,6,,,NORMAL_SET
PUSH,"2026-02-27 11:23:16",00:55:33,"Lever Shoulder Press",,65.000,10,,,NORMAL_SET
PUSH,"2026-02-27 11:23:16",00:55:33,"Lever Shoulder Press",,65.000,9,,,NORMAL_SET
PUSH,"2026-02-27 11:23:16",00:55:33,"Lever Shoulder Press",,55.000,10,,,NORMAL_SET
PUSH,"2026-02-27 11:23:16",00:55:33,"Lever Lateral Raise",,30.000,10,,,DROP_SET
PUSH,"2026-02-27 11:23:16",00:55:33,"Lever Lateral Raise",,20.000,9,,,DROP_SET
PUSH,"2026-02-27 11:23:16",00:55:33,"Lever Lateral Raise",,15.000,9,,,DROP_SET
PUSH,"2026-02-27 11:23:16",00:55:33,"Lever Lateral Raise",,30.000,10,,,DROP_SET
PUSH,"2026-02-27 11:23:16",00:55:33,"Lever Lateral Raise",,20.000,8,,,DROP_SET
PUSH,"2026-02-27 11:23:16",00:55:33,"Lever Lateral Raise",,15.000,8,,,DROP_SET
PUSH,"2026-02-27 11:23:16",00:55:33,"Lever Lateral Raise",,30.000,10,,,DROP_SET
PUSH,"2026-02-27 11:23:16",00:55:33,"Lever Lateral Raise",,20.000,8,,,DROP_SET
PUSH,"2026-02-27 11:23:16",00:55:33,"Lever Lateral Raise",,15.000,7,,,DROP_SET
PUSH,"2026-02-27 11:23:16",00:55:33,"High Pulley Overhead Tricep Extension",,35.000,9,,,NORMAL_SET
PUSH,"2026-02-27 11:23:16",00:55:33,"High Pulley Overhead Tricep Extension",,35.000,7,,,NORMAL_SET
PUSH,"2026-02-27 11:23:16",00:55:33,"High Pulley Overhead Tricep Extension",,35.000,10,,,NORMAL_SET
PUSH,"2026-02-27 11:23:16",00:55:33,"Triceps Pushdown",,30.000,11,,,NORMAL_SET
PUSH,"2026-02-27 11:23:16",00:55:33,"Triceps Pushdown",,30.000,10,,,NORMAL_SET
PUSH,"2026-02-27 11:23:16",00:55:33,"Triceps Pushdown",,30.000,9,,,NORMAL_SET
PULL,"2026-02-26 11:10:11",00:55:56,"Hammer Grip Pull-up on Dip Cage",,0.000,9,,,NORMAL_SET
PULL,"2026-02-26 11:10:11",00:55:56,"Hammer Grip Pull-up on Dip Cage",,0.000,7,,,NORMAL_SET
PULL,"2026-02-26 11:10:11",00:55:56,"Hammer Grip Pull-up on Dip Cage",,0.000,6,,,NORMAL_SET
PULL,"2026-02-26 11:10:11",00:55:56,"Barbell Lying Row on Rack",,65.000,2,,,FEEDER_SET
PULL,"2026-02-26 11:10:11",00:55:56,"Barbell Lying Row on Rack",,70.000,8,,,TOP_SET
PULL,"2026-02-26 11:10:11",00:55:56,"Barbell Lying Row on Rack",,65.000,10,,,BACK_OFF_SET
PULL,"2026-02-26 11:10:11",00:55:56,"Lever High Row",,90.000,10,,,NORMAL_SET
PULL,"2026-02-26 11:10:11",00:55:56,"Lever High Row",,90.000,9,,,NORMAL_SET
PULL,"2026-02-26 11:10:11",00:55:56,"Lever High Row",,90.000,9,,,NORMAL_SET
PULL,"2026-02-26 11:10:11",00:55:56,"Lever One Arm Low Row",,40.000,9,,,LEFT_SET
PULL,"2026-02-26 11:10:11",00:55:56,"Lever One Arm Low Row",,40.000,9,,,RIGHT_SET
PULL,"2026-02-26 11:10:11",00:55:56,"Lever One Arm Low Row",,40.000,9,,,LEFT_SET
PULL,"2026-02-26 11:10:11",00:55:56,"Lever One Arm Low Row",,40.000,9,,,RIGHT_SET
PULL,"2026-02-26 11:10:11",00:55:56,"Lever One Arm Low Row",,40.000,9,,,LEFT_SET
PULL,"2026-02-26 11:10:11",00:55:56,"Lever One Arm Low Row",,40.000,9,,,RIGHT_SET
PULL,"2026-02-26 11:10:11",00:55:56,"Cable Unilateral Bicep Curl",,25.000,8,,,NORMAL_SET
PULL,"2026-02-26 11:10:11",00:55:56,"Cable Unilateral Bicep Curl",,20.000,11,,,NORMAL_SET
PULL,"2026-02-26 11:10:11",00:55:56,"Cable Unilateral Bicep Curl",,20.000,8,,,NORMAL_SET
PULL,"2026-02-26 11:10:11",00:55:56,"Cross Body Hammer Curl",,14.000,8,,,NORMAL_SET
PULL,"2026-02-26 11:10:11",00:55:56,"Cross Body Hammer Curl",,14.000,8,,,NORMAL_SET
PULL,"2026-02-26 11:10:11",00:55:56,"Cross Body Hammer Curl",,14.000,2,,,MYO_REPS_SET
PUSH,"2026-02-24 15:13:14",00:54:33,"Lever Incline Chest Press",,40.000,12,,,WARMUP_SET
PUSH,"2026-02-24 15:13:14",00:54:33,"Lever Incline Chest Press",,70.000,2,,,FEEDER_SET
PUSH,"2026-02-24 15:13:14",00:54:33,"Lever Incline Chest Press",,90.000,8,,,TOP_SET
PUSH,"2026-02-24 15:13:14",00:54:33,"Lever Incline Chest Press",,80.000,8,,,BACK_OFF_SET
PUSH,"2026-02-24 15:13:14",00:54:33,"Lever Chest Press",,60.000,9,,,NORMAL_SET
PUSH,"2026-02-24 15:13:14",00:54:33,"Lever Chest Press",,60.000,7,,,NORMAL_SET
PUSH,"2026-02-24 15:13:14",00:54:33,"Lever Chest Press",,60.000,5,,,NORMAL_SET
PUSH,"2026-02-24 15:13:14",00:54:33,"Lever Shoulder Press",,65.000,9,,,NORMAL_SET
PUSH,"2026-02-24 15:13:14",00:54:33,"Lever Shoulder Press",,65.000,7,,,NORMAL_SET
PUSH,"2026-02-24 15:13:14",00:54:33,"Lever Shoulder Press",,65.000,8,,,NORMAL_SET
PUSH,"2026-02-24 15:13:14",00:54:33,"Lever Lateral Raise",,35.000,9,,,DROP_SET
PUSH,"2026-02-24 15:13:14",00:54:33,"Lever Lateral Raise",,20.000,10,,,DROP_SET
PUSH,"2026-02-24 15:13:14",00:54:33,"Lever Lateral Raise",,15.000,10,,,DROP_SET
PUSH,"2026-02-24 15:13:14",00:54:33,"Lever Lateral Raise",,30.000,10,,,DROP_SET
PUSH,"2026-02-24 15:13:14",00:54:33,"Lever Lateral Raise",,20.000,9,,,DROP_SET
PUSH,"2026-02-24 15:13:14",00:54:33,"Lever Lateral Raise",,15.000,9,,,DROP_SET
PUSH,"2026-02-24 15:13:14",00:54:33,"Lever Lateral Raise",,30.000,10,,,DROP_SET
PUSH,"2026-02-24 15:13:14",00:54:33,"Lever Lateral Raise",,20.000,8,,,DROP_SET
PUSH,"2026-02-24 15:13:14",00:54:33,"Lever Lateral Raise",,15.000,9,,,DROP_SET
PUSH,"2026-02-24 15:13:14",00:54:33,"High Pulley Overhead Tricep Extension",,35.000,9,,,NORMAL_SET
PUSH,"2026-02-24 15:13:14",00:54:33,"High Pulley Overhead Tricep Extension",,35.000,10,,,NORMAL_SET
PUSH,"2026-02-24 15:13:14",00:54:33,"High Pulley Overhead Tricep Extension",,35.000,7,,,NORMAL_SET
PUSH,"2026-02-24 15:13:14",00:54:33,"Triceps Pushdown",,30.000,11,,,NORMAL_SET
PUSH,"2026-02-24 15:13:14",00:54:33,"Triceps Pushdown",,30.000,9,,,NORMAL_SET
PUSH,"2026-02-24 15:13:14",00:54:33,"Triceps Pushdown",,30.000,10,,,NORMAL_SET
PULL,"2026-02-23 10:58:51",01:04:01,"Hammer Grip Pull-up on Dip Cage",,0.000,9,,,NORMAL_SET
PULL,"2026-02-23 10:58:51",01:04:01,"Hammer Grip Pull-up on Dip Cage",,0.000,7,,,NORMAL_SET
PULL,"2026-02-23 10:58:51",01:04:01,"Hammer Grip Pull-up on Dip Cage",,0.000,6,,,NORMAL_SET
PULL,"2026-02-23 10:58:51",01:04:01,"Barbell Lying Row on Rack",,40.000,12,,,WARMUP_SET
PULL,"2026-02-23 10:58:51",01:04:01,"Barbell Lying Row on Rack",,65.000,2,,,FEEDER_SET
PULL,"2026-02-23 10:58:51",01:04:01,"Barbell Lying Row on Rack",,75.000,7,,,TOP_SET
PULL,"2026-02-23 10:58:51",01:04:01,"Barbell Lying Row on Rack",,65.000,10,,,BACK_OFF_SET
PULL,"2026-02-23 10:58:51",01:04:01,"Lever High Row",,90.000,10,,,NORMAL_SET
PULL,"2026-02-23 10:58:51",01:04:01,"Lever High Row",,90.000,9,,,NORMAL_SET
PULL,"2026-02-23 10:58:51",01:04:01,"Lever High Row",,90.000,8,,,NORMAL_SET
PULL,"2026-02-23 10:58:51",01:04:01,"Lever One Arm Low Row",,40.000,10,,,LEFT_SET
PULL,"2026-02-23 10:58:51",01:04:01,"Lever One Arm Low Row",,40.000,9,,,RIGHT_SET
PULL,"2026-02-23 10:58:51",01:04:01,"Lever One Arm Low Row",,40.000,9,,,LEFT_SET
PULL,"2026-02-23 10:58:51",01:04:01,"Lever One Arm Low Row",,40.000,9,,,RIGHT_SET
PULL,"2026-02-23 10:58:51",01:04:01,"Lever One Arm Low Row",,40.000,9,,,LEFT_SET
PULL,"2026-02-23 10:58:51",01:04:01,"Lever One Arm Low Row",,40.000,9,,,RIGHT_SET
PULL,"2026-02-23 10:58:51",01:04:01,"Cable Unilateral Bicep Curl",,20.000,12,,,NORMAL_SET
PULL,"2026-02-23 10:58:51",01:04:01,"Cable Unilateral Bicep Curl",,20.000,10,,,NORMAL_SET
PULL,"2026-02-23 10:58:51",01:04:01,"Cable Unilateral Bicep Curl",,20.000,9,,,NORMAL_SET
PULL,"2026-02-23 10:58:51",01:04:01,"Cross Body Hammer Curl",,14.000,8,,,NORMAL_SET
PULL,"2026-02-23 10:58:51",01:04:01,"Cross Body Hammer Curl",,14.000,9,,,NORMAL_SET
PULL,"2026-02-23 10:58:51",01:04:01,"Cross Body Hammer Curl",,14.000,3,,,MYO_REPS_SET
PULL,"2026-02-23 10:58:51",01:04:01,"Lever Seated Reverse Fly",,20.000,11,,,NORMAL_SET
PULL,"2026-02-23 10:58:51",01:04:01,"Lever Seated Reverse Fly",,20.000,10,,,NORMAL_SET
PULL,"2026-02-23 10:58:51",01:04:01,"Lever Seated Reverse Fly",,20.000,8,,,NORMAL_SET
PULL,"2026-02-20 10:32:46",01:11:50,"Hammer Grip Pull-up on Dip Cage",,0.000,9,,,NORMAL_SET
PULL,"2026-02-20 10:32:46",01:11:50,"Hammer Grip Pull-up on Dip Cage",,0.000,6,,,NORMAL_SET
PULL,"2026-02-20 10:32:46",01:11:50,"Hammer Grip Pull-up on Dip Cage",,0.000,6,,,NORMAL_SET
PULL,"2026-02-20 10:32:46",01:11:50,"Barbell Lying Row on Rack",,40.000,12,,,WARMUP_SET
PULL,"2026-02-20 10:32:46",01:11:50,"Barbell Lying Row on Rack",,65.000,2,,,FEEDER_SET
PULL,"2026-02-20 10:32:46",01:11:50,"Barbell Lying Row on Rack",,75.000,7,,,TOP_SET
PULL,"2026-02-20 10:32:46",01:11:50,"Barbell Lying Row on Rack",,65.000,10,,,BACK_OFF_SET
PULL,"2026-02-20 10:32:46",01:11:50,"Lever High Row",,90.000,10,,,NORMAL_SET
PULL,"2026-02-20 10:32:46",01:11:50,"Lever High Row",,90.000,9,,,NORMAL_SET
PULL,"2026-02-20 10:32:46",01:11:50,"Lever High Row",,90.000,10,,,NORMAL_SET
PULL,"2026-02-20 10:32:46",01:11:50,"Lever One Arm Low Row",,40.000,10,,,LEFT_SET
PULL,"2026-02-20 10:32:46",01:11:50,"Lever One Arm Low Row",,40.000,10,,,RIGHT_SET
PULL,"2026-02-20 10:32:46",01:11:50,"Lever One Arm Low Row",,40.000,9,,,LEFT_SET
PULL,"2026-02-20 10:32:46",01:11:50,"Lever One Arm Low Row",,40.000,9,,,RIGHT_SET
PULL,"2026-02-20 10:32:46",01:11:50,"Lever One Arm Low Row",,40.000,10,,,LEFT_SET
PULL,"2026-02-20 10:32:46",01:11:50,"Lever One Arm Low Row",,40.000,10,,,RIGHT_SET
PULL,"2026-02-20 10:32:46",01:11:50,"Cable Unilateral Bicep Curl",,7.500,13,,,NORMAL_SET
PULL,"2026-02-20 10:32:46",01:11:50,"Cable Unilateral Bicep Curl",,10.000,10,,,NORMAL_SET
PULL,"2026-02-20 10:32:46",01:11:50,"Cable Unilateral Bicep Curl",,10.000,9,,,NORMAL_SET
PULL,"2026-02-20 10:32:46",01:11:50,"Cross Body Hammer Curl",,14.000,9,,,NORMAL_SET
PULL,"2026-02-20 10:32:46",01:11:50,"Cross Body Hammer Curl",,14.000,8,,,NORMAL_SET
PULL,"2026-02-20 10:32:46",01:11:50,"Cross Body Hammer Curl",,14.000,2,,,MYO_REPS_SET
PULL,"2026-02-20 10:32:46",01:11:50,"Lever Seated Reverse Fly",,20.000,10,,,NORMAL_SET
PULL,"2026-02-20 10:32:46",01:11:50,"Lever Seated Reverse Fly",,20.000,9,,,NORMAL_SET
PULL,"2026-02-20 10:32:46",01:11:50,"Lever Seated Reverse Fly",,20.000,9,,,NORMAL_SET
PUSH,"2026-02-19 10:53:29",00:55:00,"Lever Incline Chest Press",,40.000,12,,,WARMUP_SET
PUSH,"2026-02-19 10:53:29",00:55:00,"Lever Incline Chest Press",,70.000,2,,,FEEDER_SET
PUSH,"2026-02-19 10:53:29",00:55:00,"Lever Incline Chest Press",,90.000,9,,,TOP_SET
PUSH,"2026-02-19 10:53:29",00:55:00,"Lever Incline Chest Press",,80.000,8,,,BACK_OFF_SET
PUSH,"2026-02-19 10:53:29",00:55:00,"Lever Chest Press",,60.000,8,,,NORMAL_SET
PUSH,"2026-02-19 10:53:29",00:55:00,"Lever Chest Press",,60.000,7,,,NORMAL_SET
PUSH,"2026-02-19 10:53:29",00:55:00,"Lever Chest Press",,60.000,6,,,NORMAL_SET
PUSH,"2026-02-19 10:53:29",00:55:00,"Lever Shoulder Press",,65.000,8,,,NORMAL_SET
PUSH,"2026-02-19 10:53:29",00:55:00,"Lever Shoulder Press",,65.000,8,,,NORMAL_SET
PUSH,"2026-02-19 10:53:29",00:55:00,"Lever Shoulder Press",,65.000,7,,,NORMAL_SET
PUSH,"2026-02-19 10:53:29",00:55:00,"Lever Lateral Raise",,35.000,10,,,DROP_SET
PUSH,"2026-02-19 10:53:29",00:55:00,"Lever Lateral Raise",,20.000,10,,,DROP_SET
PUSH,"2026-02-19 10:53:29",00:55:00,"Lever Lateral Raise",,15.000,10,,,DROP_SET
PUSH,"2026-02-19 10:53:29",00:55:00,"Lever Lateral Raise",,30.000,10,,,DROP_SET
PUSH,"2026-02-19 10:53:29",00:55:00,"Lever Lateral Raise",,20.000,8,,,DROP_SET
PUSH,"2026-02-19 10:53:29",00:55:00,"Lever Lateral Raise",,15.000,8,,,DROP_SET
PUSH,"2026-02-19 10:53:29",00:55:00,"Lever Lateral Raise",,30.000,10,,,DROP_SET
PUSH,"2026-02-19 10:53:29",00:55:00,"Lever Lateral Raise",,20.000,10,,,DROP_SET
PUSH,"2026-02-19 10:53:29",00:55:00,"Lever Lateral Raise",,15.000,9,,,DROP_SET
PUSH,"2026-02-19 10:53:29",00:55:00,"Cable One Arm High Pulley Overhead Tricep Extension",,27.500,9,,,LEFT_SET
PUSH,"2026-02-19 10:53:29",00:55:00,"Cable One Arm High Pulley Overhead Tricep Extension",,27.500,8,,,RIGHT_SET
PUSH,"2026-02-19 10:53:29",00:55:00,"Cable One Arm High Pulley Overhead Tricep Extension",,27.500,10,,,LEFT_SET
PUSH,"2026-02-19 10:53:29",00:55:00,"Cable One Arm High Pulley Overhead Tricep Extension",,27.500,9,,,RIGHT_SET
PUSH,"2026-02-19 10:53:29",00:55:00,"Cable One Arm High Pulley Overhead Tricep Extension",,25.000,9,,,LEFT_SET
PUSH,"2026-02-19 10:53:29",00:55:00,"Cable One Arm High Pulley Overhead Tricep Extension",,25.000,7,,,RIGHT_SET
PUSH,"2026-02-19 10:53:29",00:55:00,"Triceps Pushdown",,30.000,10,,,NORMAL_SET
PUSH,"2026-02-19 10:53:29",00:55:00,"Triceps Pushdown",,30.000,10,,,NORMAL_SET
PUSH,"2026-02-19 10:53:29",00:55:00,"Triceps Pushdown",,30.000,10,,,NORMAL_SET
"LEG ","2026-02-18 10:22:46",00:38:23,"Lever Belt Squat",,85.000,5,,,WARMUP_SET
"LEG ","2026-02-18 10:22:46",00:38:23,"Lever Belt Squat",,140.000,2,,,FEEDER_SET
"LEG ","2026-02-18 10:22:46",00:38:23,"Lever Belt Squat",,190.000,5,,,TOP_SET
"LEG ","2026-02-18 10:22:46",00:38:23,"Lever Belt Squat",,170.000,5,,,BACK_OFF_SET
"LEG ","2026-02-18 10:22:46",00:38:23,"Smith Deadlift",,40.000,5,,,FEEDER_SET
"LEG ","2026-02-18 10:22:46",00:38:23,"Smith Deadlift",,60.000,2,,,FEEDER_SET
"LEG ","2026-02-18 10:22:46",00:38:23,"Smith Deadlift",,70.000,8,,,TOP_SET
"LEG ","2026-02-18 10:22:46",00:38:23,"Smith Deadlift",,60.000,9,,,BACK_OFF_SET
"LEG ","2026-02-18 10:22:46",00:38:23,"Lever Lying Leg Curl",,20.000,15,,,NORMAL_SET
"LEG ","2026-02-18 10:22:46",00:38:23,"Lever Lying Leg Curl",,15.000,10,,,DROP_SET
"LEG ","2026-02-18 10:22:46",00:38:23,"Lever Lying Leg Curl",,10.000,10,,,DROP_SET
PULL,"2026-02-17 10:45:01",01:07:33,"Hammer Grip Pull-up on Dip Cage",,0.000,7,,,NORMAL_SET
PULL,"2026-02-17 10:45:01",01:07:33,"Hammer Grip Pull-up on Dip Cage",,0.000,7,,,NORMAL_SET
PULL,"2026-02-17 10:45:01",01:07:33,"Hammer Grip Pull-up on Dip Cage",,0.000,6,,,NORMAL_SET
PULL,"2026-02-17 10:45:01",01:07:33,"Barbell Lying Row on Rack",,40.000,12,,,WARMUP_SET
PULL,"2026-02-17 10:45:01",01:07:33,"Barbell Lying Row on Rack",,65.000,2,,,FEEDER_SET
PULL,"2026-02-17 10:45:01",01:07:33,"Barbell Lying Row on Rack",,75.000,7,,,TOP_SET
PULL,"2026-02-17 10:45:01",01:07:33,"Barbell Lying Row on Rack",,65.000,10,,,BACK_OFF_SET
PULL,"2026-02-17 10:45:01",01:07:33,"Lever High Row",,90.000,10,,,NORMAL_SET
PULL,"2026-02-17 10:45:01",01:07:33,"Lever High Row",,90.000,9,,,NORMAL_SET
PULL,"2026-02-17 10:45:01",01:07:33,"Lever High Row",,90.000,8,,,NORMAL_SET
PULL,"2026-02-17 10:45:01",01:07:33,"Lever One Arm Low Row",,40.000,10,,,LEFT_SET
PULL,"2026-02-17 10:45:01",01:07:33,"Lever One Arm Low Row",,40.000,10,,,RIGHT_SET
PULL,"2026-02-17 10:45:01",01:07:33,"Lever One Arm Low Row",,40.000,10,,,LEFT_SET
PULL,"2026-02-17 10:45:01",01:07:33,"Lever One Arm Low Row",,40.000,9,,,RIGHT_SET
PULL,"2026-02-17 10:45:01",01:07:33,"Lever One Arm Low Row",,40.000,9,,,LEFT_SET
PULL,"2026-02-17 10:45:01",01:07:33,"Lever One Arm Low Row",,40.000,9,,,RIGHT_SET
PULL,"2026-02-17 10:45:01",01:07:33,"Cable One Arm Biceps Curl",,12.000,11,,,LEFT_SET
PULL,"2026-02-17 10:45:01",01:07:33,"Cable One Arm Biceps Curl",,12.000,10,,,RIGHT_SET
PULL,"2026-02-17 10:45:01",01:07:33,"Cable One Arm Biceps Curl",,12.000,10,,,LEFT_SET
PULL,"2026-02-17 10:45:01",01:07:33,"Cable One Arm Biceps Curl",,12.000,9,,,RIGHT_SET
PULL,"2026-02-17 10:45:01",01:07:33,"Cable One Arm Biceps Curl",,12.000,9,,,LEFT_SET
PULL,"2026-02-17 10:45:01",01:07:33,"Cable One Arm Biceps Curl",,12.000,9,,,RIGHT_SET
PULL,"2026-02-17 10:45:01",01:07:33,"Cross Body Hammer Curl",,12.000,12,,,NORMAL_SET
PULL,"2026-02-17 10:45:01",01:07:33,"Cross Body Hammer Curl",,12.000,12,,,NORMAL_SET
PULL,"2026-02-17 10:45:01",01:07:33,"Cross Body Hammer Curl",,12.000,3,,,MYO_REPS_SET
PUSH,"2026-02-16 11:33:14",00:59:47,"Lever Incline Chest Press",,40.000,12,,,WARMUP_SET
PUSH,"2026-02-16 11:33:14",00:59:47,"Lever Incline Chest Press",,70.000,2,,,FEEDER_SET
PUSH,"2026-02-16 11:33:14",00:59:47,"Lever Incline Chest Press",,90.000,8,,,TOP_SET
PUSH,"2026-02-16 11:33:14",00:59:47,"Lever Incline Chest Press",,80.000,8,,,BACK_OFF_SET
PUSH,"2026-02-16 11:33:14",00:59:47,"Lever Chest Press",,60.000,8,,,NORMAL_SET
PUSH,"2026-02-16 11:33:14",00:59:47,"Lever Chest Press",,60.000,7,,,NORMAL_SET
PUSH,"2026-02-16 11:33:14",00:59:47,"Lever Chest Press",,60.000,6,,,NORMAL_SET
PUSH,"2026-02-16 11:33:14",00:59:47,"Lever Shoulder Press",,65.000,8,,,NORMAL_SET
PUSH,"2026-02-16 11:33:14",00:59:47,"Lever Shoulder Press",,65.000,8,,,NORMAL_SET
PUSH,"2026-02-16 11:33:14",00:59:47,"Lever Shoulder Press",,65.000,7,,,NORMAL_SET
PUSH,"2026-02-16 11:33:14",00:59:47,"Lever Lateral Raise",,30.000,10,,,DROP_SET
PUSH,"2026-02-16 11:33:14",00:59:47,"Lever Lateral Raise",,20.000,10,,,DROP_SET
PUSH,"2026-02-16 11:33:14",00:59:47,"Lever Lateral Raise",,15.000,10,,,DROP_SET
PUSH,"2026-02-16 11:33:14",00:59:47,"Lever Lateral Raise",,30.000,10,,,DROP_SET
PUSH,"2026-02-16 11:33:14",00:59:47,"Lever Lateral Raise",,20.000,8,,,DROP_SET
PUSH,"2026-02-16 11:33:14",00:59:47,"Lever Lateral Raise",,15.000,7,,,DROP_SET
PUSH,"2026-02-16 11:33:14",00:59:47,"Lever Lateral Raise",,30.000,8,,,DROP_SET
PUSH,"2026-02-16 11:33:14",00:59:47,"Lever Lateral Raise",,20.000,7,,,DROP_SET
PUSH,"2026-02-16 11:33:14",00:59:47,"Lever Lateral Raise",,15.000,6,,,DROP_SET
PUSH,"2026-02-16 11:33:14",00:59:47,"Cable One Arm High Pulley Overhead Tricep Extension",,27.500,10,,,LEFT_SET
PUSH,"2026-02-16 11:33:14",00:59:47,"Cable One Arm High Pulley Overhead Tricep Extension",,27.500,8,,,RIGHT_SET
PUSH,"2026-02-16 11:33:14",00:59:47,"Cable One Arm High Pulley Overhead Tricep Extension",,27.500,9,,,LEFT_SET
PUSH,"2026-02-16 11:33:14",00:59:47,"Cable One Arm High Pulley Overhead Tricep Extension",,27.500,7,,,RIGHT_SET
PUSH,"2026-02-16 11:33:14",00:59:47,"Cable One Arm High Pulley Overhead Tricep Extension",,25.000,10,,,LEFT_SET
PUSH,"2026-02-16 11:33:14",00:59:47,"Cable One Arm High Pulley Overhead Tricep Extension",,25.000,9,,,RIGHT_SET
PUSH,"2026-02-16 11:33:14",00:59:47,"Triceps Pushdown",,30.000,10,,,NORMAL_SET
PUSH,"2026-02-16 11:33:14",00:59:47,"Triceps Pushdown",,30.000,9,,,NORMAL_SET
PUSH,"2026-02-16 11:33:14",00:59:47,"Triceps Pushdown",,30.000,9,,,NORMAL_SET
PULL,"2026-02-13 16:07:46",01:08:38,"Hammer Grip Pull-up on Dip Cage",,0.000,9,,,NORMAL_SET
PULL,"2026-02-13 16:07:46",01:08:38,"Hammer Grip Pull-up on Dip Cage",,0.000,7,,,NORMAL_SET
PULL,"2026-02-13 16:07:46",01:08:38,"Hammer Grip Pull-up on Dip Cage",,0.000,6,,,NORMAL_SET
PULL,"2026-02-13 16:07:46",01:08:38,"Barbell Lying Row on Rack",,40.000,12,,,WARMUP_SET
PULL,"2026-02-13 16:07:46",01:08:38,"Barbell Lying Row on Rack",,60.000,2,,,FEEDER_SET
PULL,"2026-02-13 16:07:46",01:08:38,"Barbell Lying Row on Rack",,70.000,8,,,TOP_SET
PULL,"2026-02-13 16:07:46",01:08:38,"Barbell Lying Row on Rack",,60.000,12,,,BACK_OFF_SET
PULL,"2026-02-13 16:07:46",01:08:38,"Lever High Row",,90.000,10,,,NORMAL_SET
PULL,"2026-02-13 16:07:46",01:08:38,"Lever High Row",,90.000,8,,,NORMAL_SET
PULL,"2026-02-13 16:07:46",01:08:38,"Lever High Row",,90.000,11,,,NORMAL_SET
PULL,"2026-02-13 16:07:46",01:08:38,"Lever One Arm Low Row",,40.000,10,,,LEFT_SET
PULL,"2026-02-13 16:07:46",01:08:38,"Lever One Arm Low Row",,40.000,10,,,RIGHT_SET
PULL,"2026-02-13 16:07:46",01:08:38,"Lever One Arm Low Row",,40.000,11,,,LEFT_SET
PULL,"2026-02-13 16:07:46",01:08:38,"Lever One Arm Low Row",,40.000,10,,,RIGHT_SET
PULL,"2026-02-13 16:07:46",01:08:38,"Lever One Arm Low Row",,40.000,10,,,LEFT_SET
PULL,"2026-02-13 16:07:46",01:08:38,"Lever One Arm Low Row",,40.000,11,,,RIGHT_SET
PULL,"2026-02-13 16:07:46",01:08:38,"Cable One Arm Biceps Curl",,12.500,9,,,LEFT_SET
PULL,"2026-02-13 16:07:46",01:08:38,"Cable One Arm Biceps Curl",,12.500,6,,,RIGHT_SET
PULL,"2026-02-13 16:07:46",01:08:38,"Cable One Arm Biceps Curl",,11.250,12,,,LEFT_SET
PULL,"2026-02-13 16:07:46",01:08:38,"Cable One Arm Biceps Curl",,11.250,11,,,RIGHT_SET
PULL,"2026-02-13 16:07:46",01:08:38,"Cable One Arm Biceps Curl",,11.250,11,,,LEFT_SET
PULL,"2026-02-13 16:07:46",01:08:38,"Cable One Arm Biceps Curl",,11.250,12,,,RIGHT_SET
PULL,"2026-02-13 16:07:46",01:08:38,"Cross Body Hammer Curl",,12.000,12,,,NORMAL_SET
PULL,"2026-02-13 16:07:46",01:08:38,"Cross Body Hammer Curl",,12.000,12,,,NORMAL_SET
PULL,"2026-02-13 16:07:46",01:08:38,"Cross Body Hammer Curl",,12.000,3,,,MYO_REPS_SET
PULL,"2026-02-13 16:07:46",01:08:38,"Lever Seated Reverse Fly",,20.000,10,,,NORMAL_SET
PULL,"2026-02-13 16:07:46",01:08:38,"Lever Seated Reverse Fly",,20.000,9,,,NORMAL_SET
PULL,"2026-02-13 16:07:46",01:08:38,"Lever Seated Reverse Fly",,20.000,8,,,NORMAL_SET
PUSH,"2026-02-12 11:13:39",01:00:03,"Lever Incline Chest Press",,40.000,12,,,WARMUP_SET
PUSH,"2026-02-12 11:13:39",01:00:03,"Lever Incline Chest Press",,70.000,2,,,FEEDER_SET
PUSH,"2026-02-12 11:13:39",01:00:03,"Lever Incline Chest Press",,90.000,7,,,TOP_SET
PUSH,"2026-02-12 11:13:39",01:00:03,"Lever Incline Chest Press",,80.000,7,,,BACK_OFF_SET
PUSH,"2026-02-12 11:13:39",01:00:03,"Lever Chest Press",,60.000,7,,,NORMAL_SET
PUSH,"2026-02-12 11:13:39",01:00:03,"Lever Chest Press",,60.000,7,,,NORMAL_SET
PUSH,"2026-02-12 11:13:39",01:00:03,"Lever Chest Press",,60.000,5,,,NORMAL_SET
PUSH,"2026-02-12 11:13:39",01:00:03,"Lever Shoulder Press",,65.000,9,,,NORMAL_SET
PUSH,"2026-02-12 11:13:39",01:00:03,"Lever Shoulder Press",,65.000,9,,,NORMAL_SET
PUSH,"2026-02-12 11:13:39",01:00:03,"Lever Shoulder Press",,65.000,7,,,NORMAL_SET
PUSH,"2026-02-12 11:13:39",01:00:03,"Lever Lateral Raise",,30.000,10,,,DROP_SET
PUSH,"2026-02-12 11:13:39",01:00:03,"Lever Lateral Raise",,20.000,10,,,DROP_SET
PUSH,"2026-02-12 11:13:39",01:00:03,"Lever Lateral Raise",,15.000,10,,,DROP_SET
PUSH,"2026-02-12 11:13:39",01:00:03,"Lever Lateral Raise",,30.000,10,,,DROP_SET
PUSH,"2026-02-12 11:13:39",01:00:03,"Lever Lateral Raise",,20.000,10,,,DROP_SET
PUSH,"2026-02-12 11:13:39",01:00:03,"Lever Lateral Raise",,15.000,10,,,DROP_SET
PUSH,"2026-02-12 11:13:39",01:00:03,"Lever Lateral Raise",,30.000,10,,,DROP_SET
PUSH,"2026-02-12 11:13:39",01:00:03,"Lever Lateral Raise",,20.000,8,,,DROP_SET
PUSH,"2026-02-12 11:13:39",01:00:03,"Lever Lateral Raise",,15.000,8,,,DROP_SET
PUSH,"2026-02-12 11:13:39",01:00:03,"Cable One Arm High Pulley Overhead Tricep Extension",,27.500,12,,,LEFT_SET
PUSH,"2026-02-12 11:13:39",01:00:03,"Cable One Arm High Pulley Overhead Tricep Extension",,27.500,8,,,RIGHT_SET
PUSH,"2026-02-12 11:13:39",01:00:03,"Cable One Arm High Pulley Overhead Tricep Extension",,27.500,12,,,LEFT_SET
PUSH,"2026-02-12 11:13:39",01:00:03,"Cable One Arm High Pulley Overhead Tricep Extension",,27.500,6,,,RIGHT_SET
PUSH,"2026-02-12 11:13:39",01:00:03,"Cable One Arm High Pulley Overhead Tricep Extension",,25.000,12,,,LEFT_SET
PUSH,"2026-02-12 11:13:39",01:00:03,"Cable One Arm High Pulley Overhead Tricep Extension",,25.000,10,,,RIGHT_SET
PUSH,"2026-02-12 11:13:39",01:00:03,"Triceps Pushdown",,30.000,9,,,NORMAL_SET
PUSH,"2026-02-12 11:13:39",01:00:03,"Triceps Pushdown",,30.000,10,,,NORMAL_SET
PUSH,"2026-02-12 11:13:39",01:00:03,"Triceps Pushdown",,30.000,9,,,NORMAL_SET
"LEG ","2026-02-11 10:53:31",00:40:06,"Lever Belt Squat",,85.000,6,,,WARMUP_SET
"LEG ","2026-02-11 10:53:31",00:40:06,"Lever Belt Squat",,130.000,2,,,FEEDER_SET
"LEG ","2026-02-11 10:53:31",00:40:06,"Lever Belt Squat",,180.000,5,,,TOP_SET
"LEG ","2026-02-11 10:53:31",00:40:06,"Lever Belt Squat",,160.000,5,,,BACK_OFF_SET
"LEG ","2026-02-11 10:53:31",00:40:06,"Smith Deadlift",,40.000,5,,,FEEDER_SET
"LEG ","2026-02-11 10:53:31",00:40:06,"Smith Deadlift",,60.000,1,,,FEEDER_SET
"LEG ","2026-02-11 10:53:31",00:40:06,"Smith Deadlift",,70.000,8,,,TOP_SET
"LEG ","2026-02-11 10:53:31",00:40:06,"Smith Deadlift",,60.000,10,,,BACK_OFF_SET
"LEG ","2026-02-11 10:53:31",00:40:06,"Lever Lying Leg Curl",,20.000,15,,,NORMAL_SET
"LEG ","2026-02-11 10:53:31",00:40:06,"Lever Lying Leg Curl",,15.000,8,,,DROP_SET
"LEG ","2026-02-11 10:53:31",00:40:06,"Lever Lying Leg Curl",,10.000,8,,,DROP_SET
PULL,"2026-02-10 11:08:54",01:14:44,"Hammer Grip Pull-up on Dip Cage",,0.000,7,,,NORMAL_SET
PULL,"2026-02-10 11:08:54",01:14:44,"Hammer Grip Pull-up on Dip Cage",,0.000,6,,,NORMAL_SET
PULL,"2026-02-10 11:08:54",01:14:44,"Hammer Grip Pull-up on Dip Cage",,0.000,6,,,NORMAL_SET
PULL,"2026-02-10 11:08:54",01:14:44,"Lever High Row",,90.000,11,,,NORMAL_SET
PULL,"2026-02-10 11:08:54",01:14:44,"Lever High Row",,85.000,11,,,NORMAL_SET
PULL,"2026-02-10 11:08:54",01:14:44,"Lever High Row",,80.000,9,,,NORMAL_SET
PULL,"2026-02-10 11:08:54",01:14:44,"Lever One Arm Low Row",,40.000,11,,,LEFT_SET
PULL,"2026-02-10 11:08:54",01:14:44,"Lever One Arm Low Row",,40.000,10,,,RIGHT_SET
PULL,"2026-02-10 11:08:54",01:14:44,"Lever One Arm Low Row",,40.000,10,,,LEFT_SET
PULL,"2026-02-10 11:08:54",01:14:44,"Lever One Arm Low Row",,40.000,9,,,RIGHT_SET
PULL,"2026-02-10 11:08:54",01:14:44,"Lever One Arm Low Row",,40.000,9,,,LEFT_SET
PULL,"2026-02-10 11:08:54",01:14:44,"Lever One Arm Low Row",,40.000,12,,,RIGHT_SET
PULL,"2026-02-10 11:08:54",01:14:44,"Barbell Lying Row on Rack",,65.000,11,,,NORMAL_SET
PULL,"2026-02-10 11:08:54",01:14:44,"Barbell Lying Row on Rack",,65.000,9,,,NORMAL_SET
PULL,"2026-02-10 11:08:54",01:14:44,"Barbell Lying Row on Rack",,65.000,8,,,NORMAL_SET
PULL,"2026-02-10 11:08:54",01:14:44,"Cable One Arm Biceps Curl",,12.000,10,,,LEFT_SET
PULL,"2026-02-10 11:08:54",01:14:44,"Cable One Arm Biceps Curl",,12.000,10,,,RIGHT_SET
PULL,"2026-02-10 11:08:54",01:14:44,"Cable One Arm Biceps Curl",,12.000,9,,,LEFT_SET
PULL,"2026-02-10 11:08:54",01:14:44,"Cable One Arm Biceps Curl",,12.000,9,,,RIGHT_SET
PULL,"2026-02-10 11:08:54",01:14:44,"Cable One Arm Biceps Curl",,12.000,9,,,LEFT_SET
PULL,"2026-02-10 11:08:54",01:14:44,"Cable One Arm Biceps Curl",,12.000,8,,,RIGHT_SET
PULL,"2026-02-10 11:08:54",01:14:44,"Cross Body Hammer Curl",,12.000,10,,,NORMAL_SET
PULL,"2026-02-10 11:08:54",01:14:44,"Cross Body Hammer Curl",,12.000,12,,,NORMAL_SET
PULL,"2026-02-10 11:08:54",01:14:44,"Lever Seated Reverse Fly",,20.000,10,,,NORMAL_SET
PULL,"2026-02-10 11:08:54",01:14:44,"Lever Seated Reverse Fly",,20.000,10,,,NORMAL_SET
PULL,"2026-02-10 11:08:54",01:14:44,"Lever Seated Reverse Fly",,20.000,10,,,NORMAL_SET
PUSH,"2026-02-09 16:09:33",01:07:15,"Lever Incline Chest Press",,80.000,10,,,WARMUP_SET
PUSH,"2026-02-09 16:09:33",01:07:15,"Lever Incline Chest Press",,90.000,7,,,TOP_SET
PUSH,"2026-02-09 16:09:33",01:07:15,"Lever Incline Chest Press",,85.000,7,,,BACK_OFF_SET
PUSH,"2026-02-09 16:09:33",01:07:15,"Lever Chest Press",,60.000,8,,,NORMAL_SET
PUSH,"2026-02-09 16:09:33",01:07:15,"Lever Chest Press",,60.000,7,,,NORMAL_SET
PUSH,"2026-02-09 16:09:33",01:07:15,"Lever Chest Press",,60.000,6,,,NORMAL_SET
PUSH,"2026-02-09 16:09:33",01:07:15,"Lever Decline Chest Press",,80.000,8,,,NORMAL_SET
PUSH,"2026-02-09 16:09:33",01:07:15,"Lever Decline Chest Press",,80.000,8,,,NORMAL_SET
PUSH,"2026-02-09 16:09:33",01:07:15,"Lever Shoulder Press",,65.000,9,,,NORMAL_SET
PUSH,"2026-02-09 16:09:33",01:07:15,"Lever Shoulder Press",,65.000,9,,,NORMAL_SET
PUSH,"2026-02-09 16:09:33",01:07:15,"Lever Shoulder Press",,65.000,8,,,NORMAL_SET
PUSH,"2026-02-09 16:09:33",01:07:15,"Lever Lateral Raise",,30.000,10,,,DROP_SET
PUSH,"2026-02-09 16:09:33",01:07:15,"Lever Lateral Raise",,20.000,10,,,DROP_SET
PUSH,"2026-02-09 16:09:33",01:07:15,"Lever Lateral Raise",,15.000,10,,,DROP_SET
PUSH,"2026-02-09 16:09:33",01:07:15,"Lever Lateral Raise",,30.000,10,,,DROP_SET
PUSH,"2026-02-09 16:09:33",01:07:15,"Lever Lateral Raise",,20.000,9,,,DROP_SET
PUSH,"2026-02-09 16:09:33",01:07:15,"Lever Lateral Raise",,15.000,8,,,DROP_SET
PUSH,"2026-02-09 16:09:33",01:07:15,"Lever Lateral Raise",,30.000,9,,,DROP_SET
PUSH,"2026-02-09 16:09:33",01:07:15,"Lever Lateral Raise",,20.000,8,,,DROP_SET
PUSH,"2026-02-09 16:09:33",01:07:15,"Lever Lateral Raise",,15.000,10,,,DROP_SET
PUSH,"2026-02-09 16:09:33",01:07:15,"Cable One Arm High Pulley Overhead Tricep Extension",,27.500,11,,,LEFT_SET
PUSH,"2026-02-09 16:09:33",01:07:15,"Cable One Arm High Pulley Overhead Tricep Extension",,27.500,9,,,RIGHT_SET
PUSH,"2026-02-09 16:09:33",01:07:15,"Cable One Arm High Pulley Overhead Tricep Extension",,27.500,8,,,LEFT_SET
PUSH,"2026-02-09 16:09:33",01:07:15,"Cable One Arm High Pulley Overhead Tricep Extension",,27.500,7,,,RIGHT_SET
PUSH,"2026-02-09 16:09:33",01:07:15,"Cable One Arm High Pulley Overhead Tricep Extension",,25.000,12,,,LEFT_SET
PUSH,"2026-02-09 16:09:33",01:07:15,"Cable One Arm High Pulley Overhead Tricep Extension",,25.000,7,,,RIGHT_SET
PUSH,"2026-02-09 16:09:33",01:07:15,"Triceps Pushdown",,30.000,8,,,NORMAL_SET
PUSH,"2026-02-09 16:09:33",01:07:15,"Triceps Pushdown",,30.000,9,,,NORMAL_SET
PUSH,"2026-02-09 16:09:33",01:07:15,"Triceps Pushdown",,30.000,8,,,NORMAL_SET
PULL,"2026-02-06 09:51:12",01:15:57,"Hammer Grip Pull-up on Dip Cage",,0.000,8,,,NORMAL_SET
PULL,"2026-02-06 09:51:12",01:15:57,"Hammer Grip Pull-up on Dip Cage",,0.000,7,,,NORMAL_SET
PULL,"2026-02-06 09:51:12",01:15:57,"Hammer Grip Pull-up on Dip Cage",,0.000,7,,,NORMAL_SET
PULL,"2026-02-06 09:51:12",01:15:57,"Lever High Row",,95.000,9,,,NORMAL_SET
PULL,"2026-02-06 09:51:12",01:15:57,"Lever High Row",,90.000,8,,,NORMAL_SET
PULL,"2026-02-06 09:51:12",01:15:57,"Lever High Row",,80.000,9,,,NORMAL_SET
PULL,"2026-02-06 09:51:12",01:15:57,"Lever One Arm Low Row ",,45.000,9,,,LEFT_SET
PULL,"2026-02-06 09:51:12",01:15:57,"Lever One Arm Low Row ",,45.000,8,,,RIGHT_SET
PULL,"2026-02-06 09:51:12",01:15:57,"Lever One Arm Low Row ",,45.000,9,,,LEFT_SET
PULL,"2026-02-06 09:51:12",01:15:57,"Lever One Arm Low Row ",,45.000,8,,,RIGHT_SET
PULL,"2026-02-06 09:51:12",01:15:57,"Lever One Arm Low Row ",,40.000,9,,,LEFT_SET
PULL,"2026-02-06 09:51:12",01:15:57,"Lever One Arm Low Row ",,40.000,8,,,RIGHT_SET
PULL,"2026-02-06 09:51:12",01:15:57,"Barbell Lying Row on Rack",,65.000,8,,,NORMAL_SET
PULL,"2026-02-06 09:51:12",01:15:57,"Barbell Lying Row on Rack",,65.000,8,,,NORMAL_SET
PULL,"2026-02-06 09:51:12",01:15:57,"Barbell Lying Row on Rack",,65.000,8,,,NORMAL_SET
PULL,"2026-02-06 09:51:12",01:15:57,"Cable One Arm Biceps Curl ",,12.000,10,,,LEFT_SET
PULL,"2026-02-06 09:51:12",01:15:57,"Cable One Arm Biceps Curl ",,12.000,9,,,RIGHT_SET
PULL,"2026-02-06 09:51:12",01:15:57,"Cable One Arm Biceps Curl ",,12.000,9,,,LEFT_SET
PULL,"2026-02-06 09:51:12",01:15:57,"Cable One Arm Biceps Curl ",,12.000,9,,,RIGHT_SET
PULL,"2026-02-06 09:51:12",01:15:57,"Cable One Arm Biceps Curl ",,12.000,8,,,LEFT_SET
PULL,"2026-02-06 09:51:12",01:15:57,"Cable One Arm Biceps Curl ",,12.000,8,,,RIGHT_SET
PULL,"2026-02-06 09:51:12",01:15:57,"Cross Body Hammer Curl",,12.000,9,,,NORMAL_SET
PULL,"2026-02-06 09:51:12",01:15:57,"Cross Body Hammer Curl",,12.000,11,,,NORMAL_SET
PULL,"2026-02-06 09:51:12",01:15:57,"Lever Seated Reverse Fly",,20.000,10,,,NORMAL_SET
PULL,"2026-02-06 09:51:12",01:15:57,"Lever Seated Reverse Fly",,20.000,8,,,NORMAL_SET
PULL,"2026-02-06 09:51:12",01:15:57,"Lever Seated Reverse Fly",,20.000,7,,,NORMAL_SET
PUSH,"2026-02-05 10:58:46",01:10:08,"Lever Incline Chest Press",,80.000,10,,,WARMUP_SET
PUSH,"2026-02-05 10:58:46",01:10:08,"Lever Incline Chest Press",,90.000,7,,,TOP_SET
PUSH,"2026-02-05 10:58:46",01:10:08,"Lever Incline Chest Press",,85.000,7,,,BACK_OFF_SET
PUSH,"2026-02-05 10:58:46",01:10:08,"Lever Chest Press",,60.000,9,,,NORMAL_SET
PUSH,"2026-02-05 10:58:46",01:10:08,"Lever Chest Press",,60.000,7,,,NORMAL_SET
PUSH,"2026-02-05 10:58:46",01:10:08,"Lever Chest Press",,60.000,6,,,NORMAL_SET
PUSH,"2026-02-05 10:58:46",01:10:08,"Lever Decline Chest Press",,80.000,8,,,NORMAL_SET
PUSH,"2026-02-05 10:58:46",01:10:08,"Lever Decline Chest Press",,80.000,9,,,NORMAL_SET
PUSH,"2026-02-05 10:58:46",01:10:08,"Lever Shoulder Press",,60.000,12,,,NORMAL_SET
PUSH,"2026-02-05 10:58:46",01:10:08,"Lever Shoulder Press",,60.000,9,,,NORMAL_SET
PUSH,"2026-02-05 10:58:46",01:10:08,"Lever Shoulder Press",,60.000,8,,,NORMAL_SET
PUSH,"2026-02-05 10:58:46",01:10:08,"Lever Lateral Raise",,30.000,10,,,DROP_SET
PUSH,"2026-02-05 10:58:46",01:10:08,"Lever Lateral Raise",,20.000,9,,,DROP_SET
PUSH,"2026-02-05 10:58:46",01:10:08,"Lever Lateral Raise",,15.000,9,,,DROP_SET
PUSH,"2026-02-05 10:58:46",01:10:08,"Lever Lateral Raise",,30.000,10,,,DROP_SET
PUSH,"2026-02-05 10:58:46",01:10:08,"Lever Lateral Raise",,20.000,7,,,DROP_SET
PUSH,"2026-02-05 10:58:46",01:10:08,"Lever Lateral Raise",,15.000,7,,,DROP_SET
PUSH,"2026-02-05 10:58:46",01:10:08,"Lever Lateral Raise",,30.000,9,,,DROP_SET
PUSH,"2026-02-05 10:58:46",01:10:08,"Lever Lateral Raise",,20.000,7,,,DROP_SET
PUSH,"2026-02-05 10:58:46",01:10:08,"Lever Lateral Raise",,15.000,7,,,DROP_SET
PUSH,"2026-02-05 10:58:46",01:10:08,"Cable One Arm High Pulley Overhead Tricep Extension",,27.500,11,,,LEFT_SET
PUSH,"2026-02-05 10:58:46",01:10:08,"Cable One Arm High Pulley Overhead Tricep Extension",,27.500,8,,,RIGHT_SET
PUSH,"2026-02-05 10:58:46",01:10:08,"Cable One Arm High Pulley Overhead Tricep Extension",,27.500,9,,,LEFT_SET
PUSH,"2026-02-05 10:58:46",01:10:08,"Cable One Arm High Pulley Overhead Tricep Extension",,27.500,8,,,RIGHT_SET
PUSH,"2026-02-05 10:58:46",01:10:08,"Cable One Arm High Pulley Overhead Tricep Extension",,27.500,10,,,LEFT_SET
PUSH,"2026-02-05 10:58:46",01:10:08,"Cable One Arm High Pulley Overhead Tricep Extension",,27.500,7,,,RIGHT_SET
PUSH,"2026-02-05 10:58:46",01:10:08,"Triceps Pushdown",,30.000,9,,,NORMAL_SET
PUSH,"2026-02-05 10:58:46",01:10:08,"Triceps Pushdown",,30.000,9,,,NORMAL_SET
PUSH,"2026-02-05 10:58:46",01:10:08,"Triceps Pushdown",,30.000,8,,,NORMAL_SET
"LEG ","2026-02-04 10:11:23",00:39:00,"Lever Belt Squat",,85.000,5,,,WARMUP_SET
"LEG ","2026-02-04 10:11:23",00:39:00,"Lever Belt Squat",,130.000,2,,,WARMUP_SET
"LEG ","2026-02-04 10:11:23",00:39:00,"Lever Belt Squat",,175.000,5,,,TOP_SET
"LEG ","2026-02-04 10:11:23",00:39:00,"Lever Belt Squat",,155.000,5,,,BACK_OFF_SET
"LEG ","2026-02-04 10:11:23",00:39:00,"Smith Deadlift",,40.000,5,,,FEEDER_SET
"LEG ","2026-02-04 10:11:23",00:39:00,"Smith Deadlift",,60.000,1,,,FEEDER_SET
"LEG ","2026-02-04 10:11:23",00:39:00,"Smith Deadlift",,80.000,5,,,TOP_SET
"LEG ","2026-02-04 10:11:23",00:39:00,"Smith Deadlift",,60.000,8,,,BACK_OFF_SET
"LEG ","2026-02-04 10:11:23",00:39:00,"Lever Lying Leg Curl",,20.000,15,,,NORMAL_SET
"LEG ","2026-02-04 10:11:23",00:39:00,"Lever Lying Leg Curl",,15.000,7,,,DROP_SET
"LEG ","2026-02-04 10:11:23",00:39:00,"Lever Lying Leg Curl",,10.000,7,,,DROP_SET
PULL,"2026-02-03 11:28:16",01:10:31,"Hammer Grip Pull-up on Dip Cage",,0.000,8,,,NORMAL_SET
PULL,"2026-02-03 11:28:16",01:10:31,"Hammer Grip Pull-up on Dip Cage",,0.000,6,,,NORMAL_SET
PULL,"2026-02-03 11:28:16",01:10:31,"Hammer Grip Pull-up on Dip Cage",,0.000,7,,,NORMAL_SET
PULL,"2026-02-03 11:28:16",01:10:31,"Lever High Row",,95.000,10,,,NORMAL_SET
PULL,"2026-02-03 11:28:16",01:10:31,"Lever High Row",,90.000,8,,,NORMAL_SET
PULL,"2026-02-03 11:28:16",01:10:31,"Lever High Row",,80.000,10,,,NORMAL_SET
PULL,"2026-02-03 11:28:16",01:10:31,"Lever One Arm Low Row ",,45.000,8,,,LEFT_SET
PULL,"2026-02-03 11:28:16",01:10:31,"Lever One Arm Low Row ",,45.000,8,,,RIGHT_SET
PULL,"2026-02-03 11:28:16",01:10:31,"Lever One Arm Low Row ",,45.000,7,,,LEFT_SET
PULL,"2026-02-03 11:28:16",01:10:31,"Lever One Arm Low Row ",,45.000,7,,,RIGHT_SET
PULL,"2026-02-03 11:28:16",01:10:31,"Lever One Arm Low Row ",,40.000,9,,,LEFT_SET
PULL,"2026-02-03 11:28:16",01:10:31,"Lever One Arm Low Row ",,40.000,9,,,RIGHT_SET
PULL,"2026-02-03 11:28:16",01:10:31,"Barbell Lying Row on Rack",,65.000,10,,,NORMAL_SET
PULL,"2026-02-03 11:28:16",01:10:31,"Barbell Lying Row on Rack",,65.000,10,,,NORMAL_SET
PULL,"2026-02-03 11:28:16",01:10:31,"Barbell Lying Row on Rack",,65.000,8,,,NORMAL_SET
PULL,"2026-02-03 11:28:16",01:10:31,"Cable One Arm Biceps Curl ",,12.000,10,,,LEFT_SET
PULL,"2026-02-03 11:28:16",01:10:31,"Cable One Arm Biceps Curl ",,12.000,9,,,RIGHT_SET
PULL,"2026-02-03 11:28:16",01:10:31,"Cable One Arm Biceps Curl ",,12.000,9,,,LEFT_SET
PULL,"2026-02-03 11:28:16",01:10:31,"Cable One Arm Biceps Curl ",,12.000,9,,,RIGHT_SET
PULL,"2026-02-03 11:28:16",01:10:31,"Cable One Arm Biceps Curl ",,12.000,9,,,LEFT_SET
PULL,"2026-02-03 11:28:16",01:10:31,"Cable One Arm Biceps Curl ",,12.000,9,,,RIGHT_SET
PULL,"2026-02-03 11:28:16",01:10:31,"Cross Body Hammer Curl",,12.000,9,,,NORMAL_SET
PULL,"2026-02-03 11:28:16",01:10:31,"Cross Body Hammer Curl",,12.000,8,,,NORMAL_SET
PUSH,"2026-02-02 10:20:20",01:08:05,"Lever Incline Chest Press",,95.000,6,,,TOP_SET
PUSH,"2026-02-02 10:20:20",01:08:05,"Lever Incline Chest Press",,90.000,7,,,BACK_OFF_SET
PUSH,"2026-02-02 10:20:20",01:08:05,"Lever Incline Chest Press",,80.000,7,,,BACK_OFF_SET
PUSH,"2026-02-02 10:20:20",01:08:05,"Lever Chest Press",,60.000,8,,,NORMAL_SET
PUSH,"2026-02-02 10:20:20",01:08:05,"Lever Chest Press",,60.000,7,,,NORMAL_SET
PUSH,"2026-02-02 10:20:20",01:08:05,"Lever Chest Press",,60.000,6,,,NORMAL_SET
PUSH,"2026-02-02 10:20:20",01:08:05,"Lever Decline Chest Press",,80.000,8,,,NORMAL_SET
PUSH,"2026-02-02 10:20:20",01:08:05,"Lever Decline Chest Press",,80.000,8,,,NORMAL_SET
PUSH,"2026-02-02 10:20:20",01:08:05,"Lever Shoulder Press",,60.000,10,,,NORMAL_SET
PUSH,"2026-02-02 10:20:20",01:08:05,"Lever Shoulder Press",,60.000,9,,,NORMAL_SET
PUSH,"2026-02-02 10:20:20",01:08:05,"Lever Shoulder Press",,60.000,9,,,NORMAL_SET
PUSH,"2026-02-02 10:20:20",01:08:05,"Lever Lateral Raise",,30.000,10,,,DROP_SET
PUSH,"2026-02-02 10:20:20",01:08:05,"Lever Lateral Raise",,20.000,10,,,DROP_SET
PUSH,"2026-02-02 10:20:20",01:08:05,"Lever Lateral Raise",,15.000,10,,,DROP_SET
PUSH,"2026-02-02 10:20:20",01:08:05,"Lever Lateral Raise",,30.000,10,,,DROP_SET
PUSH,"2026-02-02 10:20:20",01:08:05,"Lever Lateral Raise",,20.000,7,,,DROP_SET
PUSH,"2026-02-02 10:20:20",01:08:05,"Lever Lateral Raise",,15.000,9,,,DROP_SET
PUSH,"2026-02-02 10:20:20",01:08:05,"Lever Lateral Raise",,30.000,8,,,DROP_SET
PUSH,"2026-02-02 10:20:20",01:08:05,"Lever Lateral Raise",,20.000,7,,,DROP_SET
PUSH,"2026-02-02 10:20:20",01:08:05,"Lever Lateral Raise",,15.000,9,,,DROP_SET
PUSH,"2026-02-02 10:20:20",01:08:05,"Cable One Arm High Pulley Overhead Tricep Extension",,25.000,12,,,LEFT_SET
PUSH,"2026-02-02 10:20:20",01:08:05,"Cable One Arm High Pulley Overhead Tricep Extension",,25.000,12,,,RIGHT_SET
PUSH,"2026-02-02 10:20:20",01:08:05,"Cable One Arm High Pulley Overhead Tricep Extension",,27.500,8,,,LEFT_SET
PUSH,"2026-02-02 10:20:20",01:08:05,"Cable One Arm High Pulley Overhead Tricep Extension",,27.500,7,,,RIGHT_SET
PUSH,"2026-02-02 10:20:20",01:08:05,"Cable One Arm High Pulley Overhead Tricep Extension",,27.500,8,,,LEFT_SET
PUSH,"2026-02-02 10:20:20",01:08:05,"Cable One Arm High Pulley Overhead Tricep Extension",,27.500,7,,,RIGHT_SET
PUSH,"2026-02-02 10:20:20",01:08:05,"Triceps Pushdown",,30.000,11,,,NORMAL_SET
PUSH,"2026-02-02 10:20:20",01:08:05,"Triceps Pushdown",,30.000,10,,,NORMAL_SET
PUSH,"2026-02-02 10:20:20",01:08:05,"Triceps Pushdown",,30.000,9,,,NORMAL_SET
PULL,"2026-01-30 10:20:12",01:13:08,"Hammer Grip Pull-up on Dip Cage",,0.000,9,,,NORMAL_SET
PULL,"2026-01-30 10:20:12",01:13:08,"Hammer Grip Pull-up on Dip Cage",,0.000,7,,,NORMAL_SET
PULL,"2026-01-30 10:20:12",01:13:08,"Hammer Grip Pull-up on Dip Cage",,0.000,6,,,NORMAL_SET
PULL,"2026-01-30 10:20:12",01:13:08,"Lever High Row",,95.000,10,,,NORMAL_SET
PULL,"2026-01-30 10:20:12",01:13:08,"Lever High Row",,90.000,9,,,NORMAL_SET
PULL,"2026-01-30 10:20:12",01:13:08,"Lever High Row",,90.000,8,,,NORMAL_SET
PULL,"2026-01-30 10:20:12",01:13:08,"Lever One Arm Low Row ",,45.000,10,,,LEFT_SET
PULL,"2026-01-30 10:20:12",01:13:08,"Lever One Arm Low Row ",,45.000,9,,,RIGHT_SET
PULL,"2026-01-30 10:20:12",01:13:08,"Lever One Arm Low Row ",,45.000,10,,,LEFT_SET
PULL,"2026-01-30 10:20:12",01:13:08,"Lever One Arm Low Row ",,45.000,10,,,RIGHT_SET
PULL,"2026-01-30 10:20:12",01:13:08,"Lever One Arm Low Row ",,40.000,10,,,LEFT_SET
PULL,"2026-01-30 10:20:12",01:13:08,"Lever One Arm Low Row ",,40.000,10,,,RIGHT_SET
PULL,"2026-01-30 10:20:12",01:13:08,"Barbell Lying Row on Rack",,65.000,12,,,NORMAL_SET
PULL,"2026-01-30 10:20:12",01:13:08,"Barbell Lying Row on Rack",,65.000,10,,,NORMAL_SET
PULL,"2026-01-30 10:20:12",01:13:08,"Barbell Lying Row on Rack",,65.000,8,,,NORMAL_SET
PULL,"2026-01-30 10:20:12",01:13:08,"Cable One Arm Biceps Curl ",,12.000,11,,,LEFT_SET
PULL,"2026-01-30 10:20:12",01:13:08,"Cable One Arm Biceps Curl ",,12.000,12,,,RIGHT_SET
PULL,"2026-01-30 10:20:12",01:13:08,"Cable One Arm Biceps Curl ",,12.000,9,,,LEFT_SET
PULL,"2026-01-30 10:20:12",01:13:08,"Cable One Arm Biceps Curl ",,12.000,11,,,RIGHT_SET
PULL,"2026-01-30 10:20:12",01:13:08,"Cable One Arm Biceps Curl ",,12.000,11,,,LEFT_SET
PULL,"2026-01-30 10:20:12",01:13:08,"Cable One Arm Biceps Curl ",,12.000,10,,,RIGHT_SET
PULL,"2026-01-30 10:20:12",01:13:08,"Hammer Curl",,14.000,10,,,NORMAL_SET
PULL,"2026-01-30 10:20:12",01:13:08,"Hammer Curl",,12.000,11,,,NORMAL_SET
PUSH,"2026-01-29 09:53:38",01:04:05,"Lever Incline Chest Press",,95.000,6,,,TOP_SET
PUSH,"2026-01-29 09:53:38",01:04:05,"Lever Incline Chest Press",,90.000,6,,,BACK_OFF_SET
PUSH,"2026-01-29 09:53:38",01:04:05,"Lever Incline Chest Press",,80.000,8,,,BACK_OFF_SET
PUSH,"2026-01-29 09:53:38",01:04:05,"Lever Chest Press",,60.000,8,,,NORMAL_SET
PUSH,"2026-01-29 09:53:38",01:04:05,"Lever Chest Press",,60.000,6,,,NORMAL_SET
PUSH,"2026-01-29 09:53:38",01:04:05,"Lever Chest Press",,50.000,10,,,NORMAL_SET
PUSH,"2026-01-29 09:53:38",01:04:05,"Lever Decline Chest Press",,80.000,8,,,NORMAL_SET
PUSH,"2026-01-29 09:53:38",01:04:05,"Lever Decline Chest Press",,80.000,8,,,NORMAL_SET
PUSH,"2026-01-29 09:53:38",01:04:05,"Lever Shoulder Press",,60.000,9,,,NORMAL_SET
PUSH,"2026-01-29 09:53:38",01:04:05,"Lever Shoulder Press",,60.000,8,,,NORMAL_SET
PUSH,"2026-01-29 09:53:38",01:04:05,"Lever Shoulder Press",,50.000,10,,,NORMAL_SET
PUSH,"2026-01-29 09:53:38",01:04:05,"Lever Lateral Raise",,30.000,10,,,DROP_SET
PUSH,"2026-01-29 09:53:38",01:04:05,"Lever Lateral Raise",,20.000,8,,,DROP_SET
PUSH,"2026-01-29 09:53:38",01:04:05,"Lever Lateral Raise",,15.000,8,,,DROP_SET
PUSH,"2026-01-29 09:53:38",01:04:05,"Lever Lateral Raise",,30.000,10,,,DROP_SET
PUSH,"2026-01-29 09:53:38",01:04:05,"Lever Lateral Raise",,20.000,8,,,DROP_SET
PUSH,"2026-01-29 09:53:38",01:04:05,"Lever Lateral Raise",,15.000,8,,,DROP_SET
PUSH,"2026-01-29 09:53:38",01:04:05,"Lever Lateral Raise",,30.000,9,,,DROP_SET
PUSH,"2026-01-29 09:53:38",01:04:05,"Lever Lateral Raise",,20.000,7,,,DROP_SET
PUSH,"2026-01-29 09:53:38",01:04:05,"Lever Lateral Raise",,15.000,7,,,DROP_SET
PUSH,"2026-01-29 09:53:38",01:04:05,"Cable One Arm High Pulley Overhead Tricep Extension",,25.000,12,,,LEFT_SET
PUSH,"2026-01-29 09:53:38",01:04:05,"Cable One Arm High Pulley Overhead Tricep Extension",,25.000,12,,,RIGHT_SET
PUSH,"2026-01-29 09:53:38",01:04:05,"Cable One Arm High Pulley Overhead Tricep Extension",,27.500,9,,,LEFT_SET
PUSH,"2026-01-29 09:53:38",01:04:05,"Cable One Arm High Pulley Overhead Tricep Extension",,27.500,10,,,RIGHT_SET
PUSH,"2026-01-29 09:53:38",01:04:05,"Cable One Arm High Pulley Overhead Tricep Extension",,27.500,10,,,LEFT_SET
PUSH,"2026-01-29 09:53:38",01:04:05,"Cable One Arm High Pulley Overhead Tricep Extension",,27.500,8,,,RIGHT_SET
PUSH,"2026-01-29 09:53:38",01:04:05,"Triceps Pushdown",,30.000,10,,,NORMAL_SET
PUSH,"2026-01-29 09:53:38",01:04:05,"Triceps Pushdown",,30.000,10,,,NORMAL_SET
PUSH,"2026-01-29 09:53:38",01:04:05,"Triceps Pushdown",,30.000,10,,,NORMAL_SET
"LEG ","2026-01-28 08:54:09",00:36:02,"Lever Belt Squat",,85.000,5,,,WARMUP_SET
"LEG ","2026-01-28 08:54:09",00:36:02,"Lever Belt Squat",,130.000,2,,,WARMUP_SET
"LEG ","2026-01-28 08:54:09",00:36:02,"Lever Belt Squat",,170.000,5,,,TOP_SET
"LEG ","2026-01-28 08:54:09",00:36:02,"Lever Belt Squat",,150.000,5,,,BACK_OFF_SET
"LEG ","2026-01-28 08:54:09",00:36:02,"Smith Deadlift",,40.000,5,,,FEEDER_SET
"LEG ","2026-01-28 08:54:09",00:36:02,"Smith Deadlift",,60.000,1,,,FEEDER_SET
"LEG ","2026-01-28 08:54:09",00:36:02,"Smith Deadlift",,80.000,4,,,TOP_SET
"LEG ","2026-01-28 08:54:09",00:36:02,"Smith Deadlift",,60.000,10,,,BACK_OFF_SET
"LEG ","2026-01-28 08:54:09",00:36:02,"Lever Lying Leg Curl",,20.000,15,,,NORMAL_SET
"LEG ","2026-01-28 08:54:09",00:36:02,"Lever Lying Leg Curl",,15.000,6,,,DROP_SET
"LEG ","2026-01-28 08:54:09",00:36:02,"Lever Lying Leg Curl",,10.000,9,,,DROP_SET
PULL,"2026-01-27 09:52:25",01:21:47,"Hammer Grip Pull-up on Dip Cage",,0.000,9,,,NORMAL_SET
PULL,"2026-01-27 09:52:25",01:21:47,"Hammer Grip Pull-up on Dip Cage",,0.000,8,,,NORMAL_SET
PULL,"2026-01-27 09:52:25",01:21:47,"Hammer Grip Pull-up on Dip Cage",,0.000,6,,,NORMAL_SET
PULL,"2026-01-27 09:52:25",01:21:47,"Lever High Row",,95.000,9,,,TOP_SET
PULL,"2026-01-27 09:52:25",01:21:47,"Lever High Row",,90.000,11,,,BACK_OFF_SET
PULL,"2026-01-27 09:52:25",01:21:47,"Lever High Row",,90.000,8,,,BACK_OFF_SET
PULL,"2026-01-27 09:52:25",01:21:47,"Lever One Arm Low Row ",,45.000,10,,,LEFT_SET
PULL,"2026-01-27 09:52:25",01:21:47,"Lever One Arm Low Row ",,45.000,10,,,RIGHT_SET
PULL,"2026-01-27 09:52:25",01:21:47,"Lever One Arm Low Row ",,45.000,8,,,LEFT_SET
PULL,"2026-01-27 09:52:25",01:21:47,"Lever One Arm Low Row ",,45.000,9,,,RIGHT_SET
PULL,"2026-01-27 09:52:25",01:21:47,"Lever One Arm Low Row ",,40.000,8,,,LEFT_SET
PULL,"2026-01-27 09:52:25",01:21:47,"Lever One Arm Low Row ",,40.000,9,,,RIGHT_SET
PULL,"2026-01-27 09:52:25",01:21:47,"Barbell Lying Row on Rack",,65.000,10,,,NORMAL_SET
PULL,"2026-01-27 09:52:25",01:21:47,"Barbell Lying Row on Rack",,65.000,10,,,NORMAL_SET
PULL,"2026-01-27 09:52:25",01:21:47,"Barbell Lying Row on Rack",,60.000,10,,,NORMAL_SET
PULL,"2026-01-27 09:52:25",01:21:47,"Cable One Arm Biceps Curl ",,12.000,12,,,LEFT_SET
PULL,"2026-01-27 09:52:25",01:21:47,"Cable One Arm Biceps Curl ",,12.000,11,,,RIGHT_SET
PULL,"2026-01-27 09:52:25",01:21:47,"Cable One Arm Biceps Curl ",,12.000,10,,,LEFT_SET
PULL,"2026-01-27 09:52:25",01:21:47,"Cable One Arm Biceps Curl ",,12.000,10,,,RIGHT_SET
PULL,"2026-01-27 09:52:25",01:21:47,"Cable One Arm Biceps Curl ",,12.000,8,,,LEFT_SET
PULL,"2026-01-27 09:52:25",01:21:47,"Cable One Arm Biceps Curl ",,12.000,9,,,RIGHT_SET
PULL,"2026-01-27 09:52:25",01:21:47,"Hammer Curl",,14.000,9,,,TOP_SET
PULL,"2026-01-27 09:52:25",01:21:47,"Hammer Curl",,12.000,12,,,BACK_OFF_SET
PULL,"2026-01-27 09:52:25",01:21:47,"Lever Seated Reverse Fly",,20.000,11,,,NORMAL_SET
PULL,"2026-01-27 09:52:25",01:21:47,"Lever Seated Reverse Fly",,20.000,8,,,NORMAL_SET
PULL,"2026-01-27 09:52:25",01:21:47,"Lever Seated Reverse Fly",,20.000,9,,,NORMAL_SET
PUSH,"2026-01-26 09:49:57",01:16:12,"Lever Incline Chest Press",,95.000,7,,,TOP_SET
PUSH,"2026-01-26 09:49:57",01:16:12,"Lever Incline Chest Press",,90.000,6,,,BACK_OFF_SET
PUSH,"2026-01-26 09:49:57",01:16:12,"Lever Incline Chest Press",,85.000,7,,,BACK_OFF_SET
PUSH,"2026-01-26 09:49:57",01:16:12,"Lever Chest Press",,60.000,8,,,NORMAL_SET
PUSH,"2026-01-26 09:49:57",01:16:12,"Lever Chest Press",,55.000,8,,,NORMAL_SET
PUSH,"2026-01-26 09:49:57",01:16:12,"Lever Chest Press",,50.000,9,,,NORMAL_SET
PUSH,"2026-01-26 09:49:57",01:16:12,"Lever Decline Chest Press",,80.000,9,,,NORMAL_SET
PUSH,"2026-01-26 09:49:57",01:16:12,"Lever Decline Chest Press",,80.000,8,,,NORMAL_SET
PUSH,"2026-01-26 09:49:57",01:16:12,"Lever Shoulder Press",,60.000,11,,,NORMAL_SET
PUSH,"2026-01-26 09:49:57",01:16:12,"Lever Shoulder Press",,60.000,8,,,NORMAL_SET
PUSH,"2026-01-26 09:49:57",01:16:12,"Lever Shoulder Press",,60.000,8,,,NORMAL_SET
PUSH,"2026-01-26 09:49:57",01:16:12,"Lever Lateral Raise",,30.000,10,,,DROP_SET
PUSH,"2026-01-26 09:49:57",01:16:12,"Lever Lateral Raise",,20.000,10,,,DROP_SET
PUSH,"2026-01-26 09:49:57",01:16:12,"Lever Lateral Raise",,15.000,10,,,DROP_SET
PUSH,"2026-01-26 09:49:57",01:16:12,"Lever Lateral Raise",,30.000,10,,,DROP_SET
PUSH,"2026-01-26 09:49:57",01:16:12,"Lever Lateral Raise",,20.000,7,,,DROP_SET
PUSH,"2026-01-26 09:49:57",01:16:12,"Lever Lateral Raise",,15.000,8,,,DROP_SET
PUSH,"2026-01-26 09:49:57",01:16:12,"Lever Lateral Raise",,30.000,10,,,DROP_SET
PUSH,"2026-01-26 09:49:57",01:16:12,"Lever Lateral Raise",,20.000,8,,,DROP_SET
PUSH,"2026-01-26 09:49:57",01:16:12,"Lever Lateral Raise",,15.000,7,,,DROP_SET
PUSH,"2026-01-26 09:49:57",01:16:12,"Cable One Arm High Pulley Overhead Tricep Extension",,25.000,12,,,LEFT_SET
PUSH,"2026-01-26 09:49:57",01:16:12,"Cable One Arm High Pulley Overhead Tricep Extension",,25.000,10,,,RIGHT_SET
PUSH,"2026-01-26 09:49:57",01:16:12,"Cable One Arm High Pulley Overhead Tricep Extension",,25.000,12,,,LEFT_SET
PUSH,"2026-01-26 09:49:57",01:16:12,"Cable One Arm High Pulley Overhead Tricep Extension",,25.000,10,,,RIGHT_SET
PUSH,"2026-01-26 09:49:57",01:16:12,"Cable One Arm High Pulley Overhead Tricep Extension",,25.000,9,,,LEFT_SET
PUSH,"2026-01-26 09:49:57",01:16:12,"Cable One Arm High Pulley Overhead Tricep Extension",,25.000,8,,,RIGHT_SET
PUSH,"2026-01-26 09:49:57",01:16:12,"Triceps Pushdown",,30.000,11,,,NORMAL_SET
PUSH,"2026-01-26 09:49:57",01:16:12,"Triceps Pushdown",,30.000,10,,,NORMAL_SET
PUSH,"2026-01-26 09:49:57",01:16:12,"Triceps Pushdown",,30.000,9,,,NORMAL_SET
PULL,"2026-01-23 10:14:28",01:10:06,"Hammer Grip Pull-up on Dip Cage",,0.000,9,,,NORMAL_SET
PULL,"2026-01-23 10:14:28",01:10:06,"Hammer Grip Pull-up on Dip Cage",,0.000,7,,,NORMAL_SET
PULL,"2026-01-23 10:14:28",01:10:06,"Hammer Grip Pull-up on Dip Cage",,0.000,6,,,NORMAL_SET
PULL,"2026-01-23 10:14:28",01:10:06,"Lever High Row",,90.000,11,,,TOP_SET
PULL,"2026-01-23 10:14:28",01:10:06,"Lever High Row",,90.000,9,,,NORMAL_SET
PULL,"2026-01-23 10:14:28",01:10:06,"Lever High Row",,90.000,8,,,NORMAL_SET
PULL,"2026-01-23 10:14:28",01:10:06,"Lever One Arm Low Row ",,45.000,9,,,LEFT_SET
PULL,"2026-01-23 10:14:28",01:10:06,"Lever One Arm Low Row ",,45.000,9,,,RIGHT_SET
PULL,"2026-01-23 10:14:28",01:10:06,"Lever One Arm Low Row ",,45.000,9,,,LEFT_SET
PULL,"2026-01-23 10:14:28",01:10:06,"Lever One Arm Low Row ",,45.000,9,,,RIGHT_SET
PULL,"2026-01-23 10:14:28",01:10:06,"Lever One Arm Low Row ",,40.000,9,,,LEFT_SET
PULL,"2026-01-23 10:14:28",01:10:06,"Lever One Arm Low Row ",,40.000,11,,,RIGHT_SET
PULL,"2026-01-23 10:14:28",01:10:06,"Barbell Lying Row on Rack",,60.000,10,,,NORMAL_SET
PULL,"2026-01-23 10:14:28",01:10:06,"Barbell Lying Row on Rack",,60.000,9,,,NORMAL_SET
PULL,"2026-01-23 10:14:28",01:10:06,"Barbell Lying Row on Rack",,60.000,8,,,NORMAL_SET
PULL,"2026-01-23 10:14:28",01:10:06,"Cable One Arm Biceps Curl ",,12.000,11,,,LEFT_SET
PULL,"2026-01-23 10:14:28",01:10:06,"Cable One Arm Biceps Curl ",,12.000,10,,,RIGHT_SET
PULL,"2026-01-23 10:14:28",01:10:06,"Cable One Arm Biceps Curl ",,12.000,10,,,LEFT_SET
PULL,"2026-01-23 10:14:28",01:10:06,"Cable One Arm Biceps Curl ",,12.000,10,,,RIGHT_SET
PULL,"2026-01-23 10:14:28",01:10:06,"Cable One Arm Biceps Curl ",,12.000,8,,,LEFT_SET
PULL,"2026-01-23 10:14:28",01:10:06,"Cable One Arm Biceps Curl ",,12.000,9,,,RIGHT_SET
PULL,"2026-01-23 10:14:28",01:10:06,"Hammer Curl",,14.000,9,,,NORMAL_SET
PULL,"2026-01-23 10:14:28",01:10:06,"Hammer Curl",,12.000,10,,,NORMAL_SET
PULL,"2026-01-23 10:14:28",01:10:06,"Lever Seated Reverse Fly",,22.500,7,,,NORMAL_SET
PULL,"2026-01-23 10:14:28",01:10:06,"Lever Seated Reverse Fly",,20.000,10,,,NORMAL_SET
PULL,"2026-01-23 10:14:28",01:10:06,"Lever Seated Reverse Fly",,20.000,9,,,NORMAL_SET
PUSH,"2026-01-22 08:52:39",01:06:18,"Lever Incline Chest Press",,100.000,6,,,TOP_SET
PUSH,"2026-01-22 08:52:39",01:06:18,"Lever Incline Chest Press",,80.000,9,,,BACK_OFF_SET
PUSH,"2026-01-22 08:52:39",01:06:18,"Lever Incline Chest Press",,80.000,8,,,BACK_OFF_SET
PUSH,"2026-01-22 08:52:39",01:06:18,"Lever Chest Press",,60.000,8,,,TOP_SET
PUSH,"2026-01-22 08:52:39",01:06:18,"Lever Chest Press",,55.000,8,,,BACK_OFF_SET
PUSH,"2026-01-22 08:52:39",01:06:18,"Lever Chest Press",,50.000,8,,,BACK_OFF_SET
PUSH,"2026-01-22 08:52:39",01:06:18,"Lever Decline Chest Press",,80.000,8,,,NORMAL_SET
PUSH,"2026-01-22 08:52:39",01:06:18,"Lever Decline Chest Press",,80.000,12,,,NORMAL_SET
PUSH,"2026-01-22 08:52:39",01:06:18,"Lever Shoulder Press",,60.000,10,,,NORMAL_SET
PUSH,"2026-01-22 08:52:39",01:06:18,"Lever Shoulder Press",,60.000,9,,,NORMAL_SET
PUSH,"2026-01-22 08:52:39",01:06:18,"Lever Shoulder Press",,60.000,8,,,NORMAL_SET
PUSH,"2026-01-22 08:52:39",01:06:18,"Lever Lateral Raise",,30.000,10,,,DROP_SET
PUSH,"2026-01-22 08:52:39",01:06:18,"Lever Lateral Raise",,20.000,10,,,DROP_SET
PUSH,"2026-01-22 08:52:39",01:06:18,"Lever Lateral Raise",,15.000,9,,,DROP_SET
PUSH,"2026-01-22 08:52:39",01:06:18,"Lever Lateral Raise",,30.000,10,,,DROP_SET
PUSH,"2026-01-22 08:52:39",01:06:18,"Lever Lateral Raise",,20.000,8,,,DROP_SET
PUSH,"2026-01-22 08:52:39",01:06:18,"Lever Lateral Raise",,15.000,8,,,DROP_SET
PUSH,"2026-01-22 08:52:39",01:06:18,"Lever Lateral Raise",,30.000,10,,,DROP_SET
PUSH,"2026-01-22 08:52:39",01:06:18,"Lever Lateral Raise",,20.000,8,,,DROP_SET
PUSH,"2026-01-22 08:52:39",01:06:18,"Lever Lateral Raise",,15.000,7,,,DROP_SET
PUSH,"2026-01-22 08:52:39",01:06:18,"Cable One Arm High Pulley Overhead Tricep Extension",,27.500,8,,,LEFT_SET
PUSH,"2026-01-22 08:52:39",01:06:18,"Cable One Arm High Pulley Overhead Tricep Extension",,27.500,9,,,RIGHT_SET
PUSH,"2026-01-22 08:52:39",01:06:18,"Cable One Arm High Pulley Overhead Tricep Extension",,25.000,11,,,LEFT_SET
PUSH,"2026-01-22 08:52:39",01:06:18,"Cable One Arm High Pulley Overhead Tricep Extension",,25.000,8,,,RIGHT_SET
PUSH,"2026-01-22 08:52:39",01:06:18,"Cable One Arm High Pulley Overhead Tricep Extension",,22.500,12,,,LEFT_SET
PUSH,"2026-01-22 08:52:39",01:06:18,"Cable One Arm High Pulley Overhead Tricep Extension",,22.500,9,,,RIGHT_SET
PUSH,"2026-01-22 08:52:39",01:06:18,"Triceps Pushdown",,30.000,10,,,NORMAL_SET
PUSH,"2026-01-22 08:52:39",01:06:18,"Triceps Pushdown",,30.000,8,,,NORMAL_SET
PUSH,"2026-01-22 08:52:39",01:06:18,"Triceps Pushdown",,27.500,11,,,NORMAL_SET
"LEG ","2026-01-21 10:08:47",00:31:38,"Lever Belt Squat",,170.000,4,,,TOP_SET
"LEG ","2026-01-21 10:08:47",00:31:38,"Lever Belt Squat",,150.000,5,,,BACK_OFF_SET
"LEG ","2026-01-21 10:08:47",00:31:38,"Romanian Deadlift",,70.000,3,,,TOP_SET
"LEG ","2026-01-21 10:08:47",00:31:38,"Romanian Deadlift",,70.000,6,,,BACK_OFF_SET
"LEG ","2026-01-21 10:08:47",00:31:38,"Lever Lying Leg Curl",,20.000,15,,,NORMAL_SET
"LEG ","2026-01-21 10:08:47",00:31:38,"Lever Lying Leg Curl",,15.000,6,,,DROP_SET
"LEG ","2026-01-21 10:08:47",00:31:38,"Lever Lying Leg Curl",,10.000,6,,,DROP_SET
PULL,"2026-01-20 09:04:32",01:14:47,"Hammer Grip Pull-up on Dip Cage",,0.000,9,,,NORMAL_SET
PULL,"2026-01-20 09:04:32",01:14:47,"Hammer Grip Pull-up on Dip Cage",,0.000,7,,,NORMAL_SET
PULL,"2026-01-20 09:04:32",01:14:47,"Hammer Grip Pull-up on Dip Cage",,0.000,6,,,NORMAL_SET
PULL,"2026-01-20 09:04:32",01:14:47,"Lever High Row",,90.000,10,,,NORMAL_SET
PULL,"2026-01-20 09:04:32",01:14:47,"Lever High Row",,90.000,9,,,NORMAL_SET
PULL,"2026-01-20 09:04:32",01:14:47,"Lever High Row",,90.000,8,,,NORMAL_SET
PULL,"2026-01-20 09:04:32",01:14:47,"Lever One Arm Low Row ",,45.000,9,,,LEFT_SET
PULL,"2026-01-20 09:04:32",01:14:47,"Lever One Arm Low Row ",,45.000,9,,,RIGHT_SET
PULL,"2026-01-20 09:04:32",01:14:47,"Lever One Arm Low Row ",,45.000,9,,,LEFT_SET
PULL,"2026-01-20 09:04:32",01:14:47,"Lever One Arm Low Row ",,45.000,9,,,RIGHT_SET
PULL,"2026-01-20 09:04:32",01:14:47,"Lever One Arm Low Row ",,40.000,10,,,LEFT_SET
PULL,"2026-01-20 09:04:32",01:14:47,"Lever One Arm Low Row ",,40.000,8,,,RIGHT_SET
PULL,"2026-01-20 09:04:32",01:14:47,"Barbell Lying Row on Rack",,60.000,12,,,NORMAL_SET
PULL,"2026-01-20 09:04:32",01:14:47,"Barbell Lying Row on Rack",,60.000,10,,,NORMAL_SET
PULL,"2026-01-20 09:04:32",01:14:47,"Barbell Lying Row on Rack",,60.000,10,,,NORMAL_SET
PULL,"2026-01-20 09:04:32",01:14:47,"Cable One Arm Biceps Curl ",,13.500,9,,,LEFT_SET
PULL,"2026-01-20 09:04:32",01:14:47,"Cable One Arm Biceps Curl ",,13.500,6,,,RIGHT_SET
PULL,"2026-01-20 09:04:32",01:14:47,"Cable One Arm Biceps Curl ",,12.000,12,,,LEFT_SET
PULL,"2026-01-20 09:04:32",01:14:47,"Cable One Arm Biceps Curl ",,12.000,11,,,RIGHT_SET
PULL,"2026-01-20 09:04:32",01:14:47,"Cable One Arm Biceps Curl ",,12.000,9,,,LEFT_SET
PULL,"2026-01-20 09:04:32",01:14:47,"Cable One Arm Biceps Curl ",,12.000,11,,,RIGHT_SET
PULL,"2026-01-20 09:04:32",01:14:47,"Hammer Curl",,14.000,10,,,NORMAL_SET
PULL,"2026-01-20 09:04:32",01:14:47,"Hammer Curl",,12.000,11,,,NORMAL_SET
PULL,"2026-01-20 09:04:32",01:14:47,"Lever Seated Reverse Fly",,20.000,9,,,NORMAL_SET
PULL,"2026-01-20 09:04:32",01:14:47,"Lever Seated Reverse Fly",,20.000,9,,,NORMAL_SET
PULL,"2026-01-20 09:04:32",01:14:47,"Lever Seated Reverse Fly",,20.000,8,,,NORMAL_SET
PUSH,"2026-01-19 09:33:11",01:05:56,"Lever Incline Chest Press",,90.000,9,,,NORMAL_SET
PUSH,"2026-01-19 09:33:11",01:05:56,"Lever Incline Chest Press",,90.000,7,,,NORMAL_SET
PUSH,"2026-01-19 09:33:11",01:05:56,"Lever Incline Chest Press",,90.000,6,,,NORMAL_SET
PUSH,"2026-01-19 09:33:11",01:05:56,"Lever Chest Press",,55.000,9,,,NORMAL_SET
PUSH,"2026-01-19 09:33:11",01:05:56,"Lever Chest Press",,55.000,7,,,NORMAL_SET
PUSH,"2026-01-19 09:33:11",01:05:56,"Lever Chest Press",,50.000,8,,,NORMAL_SET
PUSH,"2026-01-19 09:33:11",01:05:56,"Lever Decline Chest Press",,80.000,10,,,NORMAL_SET
PUSH,"2026-01-19 09:33:11",01:05:56,"Lever Decline Chest Press",,80.000,9,,,NORMAL_SET
PUSH,"2026-01-19 09:33:11",01:05:56,"Lever Shoulder Press",,60.000,10,,,NORMAL_SET
PUSH,"2026-01-19 09:33:11",01:05:56,"Lever Shoulder Press",,60.000,9,,,NORMAL_SET
PUSH,"2026-01-19 09:33:11",01:05:56,"Lever Shoulder Press",,60.000,8,,,NORMAL_SET
PUSH,"2026-01-19 09:33:11",01:05:56,"Lever Lateral Raise",,30.000,10,,,DROP_SET
PUSH,"2026-01-19 09:33:11",01:05:56,"Lever Lateral Raise",,20.000,10,,,DROP_SET
PUSH,"2026-01-19 09:33:11",01:05:56,"Lever Lateral Raise",,15.000,9,,,DROP_SET
PUSH,"2026-01-19 09:33:11",01:05:56,"Lever Lateral Raise",,30.000,9,,,DROP_SET
PUSH,"2026-01-19 09:33:11",01:05:56,"Lever Lateral Raise",,20.000,9,,,DROP_SET
PUSH,"2026-01-19 09:33:11",01:05:56,"Lever Lateral Raise",,15.000,7,,,DROP_SET
PUSH,"2026-01-19 09:33:11",01:05:56,"Lever Lateral Raise",,30.000,9,,,DROP_SET
PUSH,"2026-01-19 09:33:11",01:05:56,"Lever Lateral Raise",,20.000,7,,,DROP_SET
PUSH,"2026-01-19 09:33:11",01:05:56,"Lever Lateral Raise",,15.000,8,,,DROP_SET
PUSH,"2026-01-19 09:33:11",01:05:56,"Cable One Arm High Pulley Overhead Tricep Extension",,27.500,11,,,LEFT_SET
PUSH,"2026-01-19 09:33:11",01:05:56,"Cable One Arm High Pulley Overhead Tricep Extension",,27.500,9,,,RIGHT_SET
PUSH,"2026-01-19 09:33:11",01:05:56,"Cable One Arm High Pulley Overhead Tricep Extension",,25.000,11,,,LEFT_SET
PUSH,"2026-01-19 09:33:11",01:05:56,"Cable One Arm High Pulley Overhead Tricep Extension",,25.000,10,,,RIGHT_SET
PUSH,"2026-01-19 09:33:11",01:05:56,"Cable One Arm High Pulley Overhead Tricep Extension",,22.500,11,,,LEFT_SET
PUSH,"2026-01-19 09:33:11",01:05:56,"Cable One Arm High Pulley Overhead Tricep Extension",,22.500,10,,,RIGHT_SET
PUSH,"2026-01-19 09:33:11",01:05:56,"Triceps Pushdown",,30.000,10,,,NORMAL_SET
PUSH,"2026-01-19 09:33:11",01:05:56,"Triceps Pushdown",,27.500,10,,,NORMAL_SET
PUSH,"2026-01-19 09:33:11",01:05:56,"Triceps Pushdown",,27.500,10,,,NORMAL_SET
"LEG ","2026-01-17 12:00:23",00:34:35,"Lever Belt Squat",,170.000,3,,,TOP_SET
"LEG ","2026-01-17 12:00:23",00:34:35,"Lever Belt Squat",,150.000,4,,,BACK_OFF_SET
"LEG ","2026-01-17 12:00:23",00:34:35,"Romanian Deadlift",,100.000,10,,,TOP_SET
"LEG ","2026-01-17 12:00:23",00:34:35,"Romanian Deadlift",,100.000,8,,,BACK_OFF_SET
"LEG ","2026-01-17 12:00:23",00:34:35,"Lever Lying Leg Curl",,20.000,15,,,NORMAL_SET
"LEG ","2026-01-17 12:00:23",00:34:35,"Lever Lying Leg Curl",,15.000,6,,,DROP_SET
"LEG ","2026-01-17 12:00:23",00:34:35,"Lever Lying Leg Curl",,10.000,7,,,DROP_SET
PULL,"2026-01-16 09:44:12",01:13:32,"Hammer Grip Pull-up on Dip Cage",,0.000,10,,,NORMAL_SET
PULL,"2026-01-16 09:44:12",01:13:32,"Hammer Grip Pull-up on Dip Cage",,0.000,8,,,NORMAL_SET
PULL,"2026-01-16 09:44:12",01:13:32,"Hammer Grip Pull-up on Dip Cage",,0.000,7,,,NORMAL_SET
PULL,"2026-01-16 09:44:12",01:13:32,"Lever High Row",,90.000,10,,,NORMAL_SET
PULL,"2026-01-16 09:44:12",01:13:32,"Lever High Row",,90.000,9,,,NORMAL_SET
PULL,"2026-01-16 09:44:12",01:13:32,"Lever High Row",,90.000,8,,,NORMAL_SET
PULL,"2026-01-16 09:44:12",01:13:32,"Lever One Arm Low Row ",,45.000,10,,,LEFT_SET
PULL,"2026-01-16 09:44:12",01:13:32,"Lever One Arm Low Row ",,45.000,10,,,RIGHT_SET
PULL,"2026-01-16 09:44:12",01:13:32,"Lever One Arm Low Row ",,45.000,10,,,LEFT_SET
PULL,"2026-01-16 09:44:12",01:13:32,"Lever One Arm Low Row ",,40.000,10,,,RIGHT_SET
PULL,"2026-01-16 09:44:12",01:13:32,"Lever One Arm Low Row ",,45.000,8,,,LEFT_SET
PULL,"2026-01-16 09:44:12",01:13:32,"Lever One Arm Low Row ",,45.000,8,,,RIGHT_SET
PULL,"2026-01-16 09:44:12",01:13:32,"Barbell Lying Row on Rack",,60.000,11,,,NORMAL_SET
PULL,"2026-01-16 09:44:12",01:13:32,"Barbell Lying Row on Rack",,60.000,9,,,NORMAL_SET
PULL,"2026-01-16 09:44:12",01:13:32,"Barbell Lying Row on Rack",,60.000,10,,,NORMAL_SET
PULL,"2026-01-16 09:44:12",01:13:32,"Cable One Arm Biceps Curl ",,12.000,11,,,LEFT_SET
PULL,"2026-01-16 09:44:12",01:13:32,"Cable One Arm Biceps Curl ",,12.000,10,,,RIGHT_SET
PULL,"2026-01-16 09:44:12",01:13:32,"Cable One Arm Biceps Curl ",,12.000,10,,,LEFT_SET
PULL,"2026-01-16 09:44:12",01:13:32,"Cable One Arm Biceps Curl ",,12.000,9,,,RIGHT_SET
PULL,"2026-01-16 09:44:12",01:13:32,"Cable One Arm Biceps Curl ",,12.000,10,,,LEFT_SET
PULL,"2026-01-16 09:44:12",01:13:32,"Cable One Arm Biceps Curl ",,12.000,10,,,RIGHT_SET
PULL,"2026-01-16 09:44:12",01:13:32,"Hammer Curl",,14.000,8,,,NORMAL_SET
PULL,"2026-01-16 09:44:12",01:13:32,"Hammer Curl",,12.000,11,,,NORMAL_SET
PULL,"2026-01-16 09:44:12",01:13:32,"Lever Seated Reverse Fly",,20.000,9,,,NORMAL_SET
PULL,"2026-01-16 09:44:12",01:13:32,"Lever Seated Reverse Fly",,20.000,9,,,NORMAL_SET
PULL,"2026-01-16 09:44:12",01:13:32,"Lever Seated Reverse Fly",,20.000,8,,,NORMAL_SET
PUSH,"2026-01-15 09:34:10",01:10:10,"Lever Incline Chest Press",,90.000,11,,,NORMAL_SET
PUSH,"2026-01-15 09:34:10",01:10:10,"Lever Incline Chest Press",,90.000,7,,,NORMAL_SET
PUSH,"2026-01-15 09:34:10",01:10:10,"Lever Incline Chest Press",,90.000,6,,,NORMAL_SET
PUSH,"2026-01-15 09:34:10",01:10:10,"Lever Chest Press",,60.000,8,,,NORMAL_SET
PUSH,"2026-01-15 09:34:10",01:10:10,"Lever Chest Press",,60.000,6,,,NORMAL_SET
PUSH,"2026-01-15 09:34:10",01:10:10,"Lever Chest Press",,55.000,8,,,NORMAL_SET
PUSH,"2026-01-15 09:34:10",01:10:10,"Lever Decline Chest Press",,80.000,11,,,NORMAL_SET
PUSH,"2026-01-15 09:34:10",01:10:10,"Lever Decline Chest Press",,80.000,9,,,NORMAL_SET
PUSH,"2026-01-15 09:34:10",01:10:10,"Lever Shoulder Press",,60.000,11,,,NORMAL_SET
PUSH,"2026-01-15 09:34:10",01:10:10,"Lever Shoulder Press",,60.000,10,,,NORMAL_SET
PUSH,"2026-01-15 09:34:10",01:10:10,"Lever Shoulder Press",,60.000,12,,,NORMAL_SET
PUSH,"2026-01-15 09:34:10",01:10:10,"Lever Lateral Raise",,30.000,12,,,TOP_SET
PUSH,"2026-01-15 09:34:10",01:10:10,"Lever Lateral Raise",,20.000,9,,,DROP_SET
PUSH,"2026-01-15 09:34:10",01:10:10,"Lever Lateral Raise",,15.000,8,,,DROP_SET
PUSH,"2026-01-15 09:34:10",01:10:10,"Lever Lateral Raise",,30.000,10,,,TOP_SET
PUSH,"2026-01-15 09:34:10",01:10:10,"Lever Lateral Raise",,20.000,9,,,DROP_SET
PUSH,"2026-01-15 09:34:10",01:10:10,"Lever Lateral Raise",,15.000,7,,,DROP_SET
PUSH,"2026-01-15 09:34:10",01:10:10,"Lever Lateral Raise",,30.000,9,,,TOP_SET
PUSH,"2026-01-15 09:34:10",01:10:10,"Lever Lateral Raise",,20.000,8,,,DROP_SET
PUSH,"2026-01-15 09:34:10",01:10:10,"Lever Lateral Raise",,15.000,6,,,DROP_SET
PUSH,"2026-01-15 09:34:10",01:10:10,"Cable One Arm High Pulley Overhead Tricep Extension",,25.000,11,,,LEFT_SET
PUSH,"2026-01-15 09:34:10",01:10:10,"Cable One Arm High Pulley Overhead Tricep Extension",,25.000,11,,,RIGHT_SET
PUSH,"2026-01-15 09:34:10",01:10:10,"Cable One Arm High Pulley Overhead Tricep Extension",,27.500,8,,,LEFT_SET
PUSH,"2026-01-15 09:34:10",01:10:10,"Cable One Arm High Pulley Overhead Tricep Extension",,27.500,9,,,RIGHT_SET
PUSH,"2026-01-15 09:34:10",01:10:10,"Cable One Arm High Pulley Overhead Tricep Extension",,22.500,12,,,LEFT_SET
PUSH,"2026-01-15 09:34:10",01:10:10,"Cable One Arm High Pulley Overhead Tricep Extension",,22.500,12,,,RIGHT_SET
PUSH,"2026-01-15 09:34:10",01:10:10,"Triceps Pushdown",,30.000,9,,,NORMAL_SET
PUSH,"2026-01-15 09:34:10",01:10:10,"Triceps Pushdown",,27.500,10,,,NORMAL_SET
PUSH,"2026-01-15 09:34:10",01:10:10,"Triceps Pushdown",,27.500,10,,,NORMAL_SET
"LEG ","2026-01-14 09:58:45",00:24:39,"Lever Belt Squat",,160.000,7,,,NORMAL_SET
"LEG ","2026-01-14 09:58:45",00:24:39,"Lever Belt Squat",,160.000,5,,,NORMAL_SET
"LEG ","2026-01-14 09:58:45",00:24:39,"Romanian Deadlift",,90.000,7,,,NORMAL_SET
"LEG ","2026-01-14 09:58:45",00:24:39,"Romanian Deadlift",,90.000,5,,,NORMAL_SET
"LEG ","2026-01-14 09:58:45",00:24:39,"Lever Lying Leg Curl",,40.000,8,,,NORMAL_SET
PULL,"2026-01-13 09:52:11",01:21:33,"Hammer Grip Pull-up on Dip Cage",,0.000,8,,,NORMAL_SET
PULL,"2026-01-13 09:52:11",01:21:33,"Hammer Grip Pull-up on Dip Cage",,0.000,7,,,NORMAL_SET
PULL,"2026-01-13 09:52:11",01:21:33,"Hammer Grip Pull-up on Dip Cage",,0.000,6,,,NORMAL_SET
PULL,"2026-01-13 09:52:11",01:21:33,"Lever High Row",,90.000,11,,,NORMAL_SET
PULL,"2026-01-13 09:52:11",01:21:33,"Lever High Row",,90.000,10,,,NORMAL_SET
PULL,"2026-01-13 09:52:11",01:21:33,"Lever High Row",,90.000,12,,,NORMAL_SET
PULL,"2026-01-13 09:52:11",01:21:33,"Lever One Arm Low Row ",,45.000,9,,,LEFT_SET
PULL,"2026-01-13 09:52:11",01:21:33,"Lever One Arm Low Row ",,45.000,8,,,RIGHT_SET
PULL,"2026-01-13 09:52:11",01:21:33,"Lever One Arm Low Row ",,45.000,9,,,LEFT_SET
PULL,"2026-01-13 09:52:11",01:21:33,"Lever One Arm Low Row ",,45.000,9,,,RIGHT_SET
PULL,"2026-01-13 09:52:11",01:21:33,"Lever One Arm Low Row ",,45.000,9,,,LEFT_SET
PULL,"2026-01-13 09:52:11",01:21:33,"Lever One Arm Low Row ",,45.000,9,,,RIGHT_SET
PULL,"2026-01-13 09:52:11",01:21:33,"Barbell Lying Row on Rack",,60.000,10,,,NORMAL_SET
PULL,"2026-01-13 09:52:11",01:21:33,"Barbell Lying Row on Rack",,60.000,10,,,NORMAL_SET
PULL,"2026-01-13 09:52:11",01:21:33,"Barbell Lying Row on Rack",,60.000,10,,,NORMAL_SET
PULL,"2026-01-13 09:52:11",01:21:33,"Cable One Arm Biceps Curl ",,12.000,10,,,LEFT_SET
PULL,"2026-01-13 09:52:11",01:21:33,"Cable One Arm Biceps Curl ",,12.000,9,,,RIGHT_SET
PULL,"2026-01-13 09:52:11",01:21:33,"Cable One Arm Biceps Curl ",,12.000,10,,,RIGHT_SET
PULL,"2026-01-13 09:52:11",01:21:33,"Cable One Arm Biceps Curl ",,12.000,10,,,LEFT_SET
PULL,"2026-01-13 09:52:11",01:21:33,"Cable One Arm Biceps Curl ",,12.000,10,,,LEFT_SET
PULL,"2026-01-13 09:52:11",01:21:33,"Cable One Arm Biceps Curl ",,12.000,10,,,RIGHT_SET
PULL,"2026-01-13 09:52:11",01:21:33,"Hammer Curl",,14.000,8,,,NORMAL_SET
PULL,"2026-01-13 09:52:11",01:21:33,"Hammer Curl",,14.000,8,,,NORMAL_SET
PULL,"2026-01-13 09:52:11",01:21:33,"Lever Seated Reverse Fly",,20.000,9,,,NORMAL_SET
PULL,"2026-01-13 09:52:11",01:21:33,"Lever Seated Reverse Fly",,20.000,8,,,NORMAL_SET
PULL,"2026-01-13 09:52:11",01:21:33,"Lever Seated Reverse Fly",,20.000,7,,,NORMAL_SET
PUSH,"2026-01-12 11:42:54",01:17:36,"Lever Chest Press",,60.000,12,,,NORMAL_SET
PUSH,"2026-01-12 11:42:54",01:17:36,"Lever Chest Press",,60.000,10,,,NORMAL_SET
PUSH,"2026-01-12 11:42:54",01:17:36,"Lever Chest Press",,60.000,8,,,NORMAL_SET
PUSH,"2026-01-12 11:42:54",01:17:36,"Lever Decline Chest Press",,80.000,12,,,NORMAL_SET
PUSH,"2026-01-12 11:42:54",01:17:36,"Lever Decline Chest Press",,90.000,9,,,NORMAL_SET
PUSH,"2026-01-12 11:42:54",01:17:36,"Lever Incline Chest Press",,80.000,8,,,NORMAL_SET
PUSH,"2026-01-12 11:42:54",01:17:36,"Lever Incline Chest Press",,80.000,6,,,NORMAL_SET
PUSH,"2026-01-12 11:42:54",01:17:36,"Lever Incline Chest Press",,80.000,8,,,NORMAL_SET
PUSH,"2026-01-12 11:42:54",01:17:36,"Lever Shoulder Press",,60.000,11,,,NORMAL_SET
PUSH,"2026-01-12 11:42:54",01:17:36,"Lever Shoulder Press",,60.000,8,,,NORMAL_SET
PUSH,"2026-01-12 11:42:54",01:17:36,"Lever Shoulder Press",,60.000,9,,,NORMAL_SET
PUSH,"2026-01-12 11:42:54",01:17:36,"Lever Lateral Raise",,32.500,10,,,DROP_SET
PUSH,"2026-01-12 11:42:54",01:17:36,"Lever Lateral Raise",,22.500,10,,,DROP_SET
PUSH,"2026-01-12 11:42:54",01:17:36,"Lever Lateral Raise",,17.500,9,,,DROP_SET
PUSH,"2026-01-12 11:42:54",01:17:36,"Lever Lateral Raise",,30.000,10,,,DROP_SET
PUSH,"2026-01-12 11:42:54",01:17:36,"Lever Lateral Raise",,20.000,8,,,DROP_SET
PUSH,"2026-01-12 11:42:54",01:17:36,"Lever Lateral Raise",,15.000,8,,,DROP_SET
PUSH,"2026-01-12 11:42:54",01:17:36,"Lever Lateral Raise",,30.000,9,,,DROP_SET
PUSH,"2026-01-12 11:42:54",01:17:36,"Lever Lateral Raise",,20.000,9,,,DROP_SET
PUSH,"2026-01-12 11:42:54",01:17:36,"Lever Lateral Raise",,15.000,9,,,DROP_SET
PUSH,"2026-01-12 11:42:54",01:17:36,"Cable One Arm High Pulley Overhead Tricep Extension",,25.000,12,,,RIGHT_SET
PUSH,"2026-01-12 11:42:54",01:17:36,"Cable One Arm High Pulley Overhead Tricep Extension",,25.000,8,,,LEFT_SET
PUSH,"2026-01-12 11:42:54",01:17:36,"Cable One Arm High Pulley Overhead Tricep Extension",,25.000,11,,,LEFT_SET
PUSH,"2026-01-12 11:42:54",01:17:36,"Cable One Arm High Pulley Overhead Tricep Extension",,25.000,9,,,RIGHT_SET
PUSH,"2026-01-12 11:42:54",01:17:36,"Cable One Arm High Pulley Overhead Tricep Extension",,22.500,11,,,LEFT_SET
PUSH,"2026-01-12 11:42:54",01:17:36,"Cable One Arm High Pulley Overhead Tricep Extension",,22.500,10,,,RIGHT_SET
PUSH,"2026-01-12 11:42:54",01:17:36,"Triceps Pushdown",,27.500,12,,,NORMAL_SET
PUSH,"2026-01-12 11:42:54",01:17:36,"Triceps Pushdown",,30.000,11,,,NORMAL_SET
PUSH,"2026-01-12 11:42:54",01:17:36,"Triceps Pushdown",,30.000,11,,,NORMAL_SET
PULL,"2026-01-09 10:59:36",01:13:32,"Hammer Grip Pull-up on Dip Cage",,0.000,8,,,NORMAL_SET
PULL,"2026-01-09 10:59:36",01:13:32,"Hammer Grip Pull-up on Dip Cage",,0.000,7,,,NORMAL_SET
PULL,"2026-01-09 10:59:36",01:13:32,"Hammer Grip Pull-up on Dip Cage",,0.000,6,,,NORMAL_SET
PULL,"2026-01-09 10:59:36",01:13:32,"Lever High Row",,90.000,12,,,NORMAL_SET
PULL,"2026-01-09 10:59:36",01:13:32,"Lever High Row",,90.000,10,,,NORMAL_SET
PULL,"2026-01-09 10:59:36",01:13:32,"Lever High Row",,90.000,9,,,NORMAL_SET
PULL,"2026-01-09 10:59:36",01:13:32,"Lever One Arm Low Row ",,45.000,10,,,LEFT_SET
PULL,"2026-01-09 10:59:36",01:13:32,"Lever One Arm Low Row ",,45.000,11,,,RIGHT_SET
PULL,"2026-01-09 10:59:36",01:13:32,"Lever One Arm Low Row ",,45.000,10,,,LEFT_SET
PULL,"2026-01-09 10:59:36",01:13:32,"Lever One Arm Low Row ",,45.000,10,,,RIGHT_SET
PULL,"2026-01-09 10:59:36",01:13:32,"Lever One Arm Low Row ",,45.000,9,,,LEFT_SET
PULL,"2026-01-09 10:59:36",01:13:32,"Lever One Arm Low Row ",,45.000,10,,,RIGHT_SET
PULL,"2026-01-09 10:59:36",01:13:32,"Barbell Lying Row on Rack",,60.000,12,,,NORMAL_SET
PULL,"2026-01-09 10:59:36",01:13:32,"Barbell Lying Row on Rack",,60.000,11,,,NORMAL_SET
PULL,"2026-01-09 10:59:36",01:13:32,"Barbell Lying Row on Rack",,60.000,10,,,NORMAL_SET
PULL,"2026-01-09 10:59:36",01:13:32,"Cable One Arm Biceps Curl ",,13.500,7,,,LEFT_SET
PULL,"2026-01-09 10:59:36",01:13:32,"Cable One Arm Biceps Curl ",,13.500,6,,,RIGHT_SET
PULL,"2026-01-09 10:59:36",01:13:32,"Cable One Arm Biceps Curl ",,12.000,9,,,LEFT_SET
PULL,"2026-01-09 10:59:36",01:13:32,"Cable One Arm Biceps Curl ",,12.000,9,,,RIGHT_SET
PULL,"2026-01-09 10:59:36",01:13:32,"Cable One Arm Biceps Curl ",,12.000,9,,,LEFT_SET
PULL,"2026-01-09 10:59:36",01:13:32,"Cable One Arm Biceps Curl ",,12.000,9,,,RIGHT_SET
PULL,"2026-01-09 10:59:36",01:13:32,"Hammer Curl",,14.000,8,,,NORMAL_SET
PULL,"2026-01-09 10:59:36",01:13:32,"Hammer Curl",,14.000,8,,,NORMAL_SET
PULL,"2026-01-09 10:59:36",01:13:32,"Lever Seated Reverse Fly",,20.000,9,,,NORMAL_SET
PULL,"2026-01-09 10:59:36",01:13:32,"Lever Seated Reverse Fly",,20.000,7,,,NORMAL_SET
PULL,"2026-01-09 10:59:36",01:13:32,"Lever Seated Reverse Fly",,20.000,7,,,NORMAL_SET
PUSH,"2026-01-08 11:57:52",01:08:24,"Lever Incline Chest Press",,80.000,12,,,NORMAL_SET
PUSH,"2026-01-08 11:57:52",01:08:24,"Lever Incline Chest Press",,90.000,10,,,NORMAL_SET
PUSH,"2026-01-08 11:57:52",01:08:24,"Lever Incline Chest Press",,90.000,8,,,NORMAL_SET
PUSH,"2026-01-08 11:57:52",01:08:24,"Lever Chest Press",,55.000,7,,,NORMAL_SET
PUSH,"2026-01-08 11:57:52",01:08:24,"Lever Chest Press",,55.000,10,,,NORMAL_SET
PUSH,"2026-01-08 11:57:52",01:08:24,"Lever Chest Press",,55.000,6,,,NORMAL_SET
PUSH,"2026-01-08 11:57:52",01:08:24,"Lever Decline Chest Press",,80.000,12,,,NORMAL_SET
PUSH,"2026-01-08 11:57:52",01:08:24,"Lever Decline Chest Press",,80.000,9,,,NORMAL_SET
PUSH,"2026-01-08 11:57:52",01:08:24,"Lever Shoulder Press",,60.000,10,,,NORMAL_SET
PUSH,"2026-01-08 11:57:52",01:08:24,"Lever Shoulder Press",,60.000,8,,,NORMAL_SET
PUSH,"2026-01-08 11:57:52",01:08:24,"Lever Shoulder Press",,60.000,7,,,NORMAL_SET
PUSH,"2026-01-08 11:57:52",01:08:24,"Lever Lateral Raise",,30.000,10,,,DROP_SET
PUSH,"2026-01-08 11:57:52",01:08:24,"Lever Lateral Raise",,20.000,10,,,DROP_SET
PUSH,"2026-01-08 11:57:52",01:08:24,"Lever Lateral Raise",,15.000,10,,,DROP_SET
PUSH,"2026-01-08 11:57:52",01:08:24,"Lever Lateral Raise",,30.000,10,,,DROP_SET
PUSH,"2026-01-08 11:57:52",01:08:24,"Lever Lateral Raise",,20.000,8,,,DROP_SET
PUSH,"2026-01-08 11:57:52",01:08:24,"Lever Lateral Raise",,15.000,8,,,DROP_SET
PUSH,"2026-01-08 11:57:52",01:08:24,"Lever Lateral Raise",,30.000,9,,,DROP_SET
PUSH,"2026-01-08 11:57:52",01:08:24,"Lever Lateral Raise",,20.000,7,,,DROP_SET
PUSH,"2026-01-08 11:57:52",01:08:24,"Lever Lateral Raise",,15.000,8,,,DROP_SET
PUSH,"2026-01-08 11:57:52",01:08:24,"Cable One Arm High Pulley Overhead Tricep Extension",,25.000,11,,,LEFT_SET
PUSH,"2026-01-08 11:57:52",01:08:24,"Cable One Arm High Pulley Overhead Tricep Extension",,25.000,10,,,RIGHT_SET
PUSH,"2026-01-08 11:57:52",01:08:24,"Cable One Arm High Pulley Overhead Tricep Extension",,25.000,9,,,LEFT_SET
PUSH,"2026-01-08 11:57:52",01:08:24,"Cable One Arm High Pulley Overhead Tricep Extension",,25.000,9,,,RIGHT_SET
PUSH,"2026-01-08 11:57:52",01:08:24,"Cable One Arm High Pulley Overhead Tricep Extension",,22.500,10,,,LEFT_SET
PUSH,"2026-01-08 11:57:52",01:08:24,"Cable One Arm High Pulley Overhead Tricep Extension",,22.500,10,,,RIGHT_SET
PUSH,"2026-01-08 11:57:52",01:08:24,"Triceps Pushdown",,27.500,12,,,NORMAL_SET
PUSH,"2026-01-08 11:57:52",01:08:24,"Triceps Pushdown",,27.500,12,,,NORMAL_SET
PUSH,"2026-01-08 11:57:52",01:08:24,"Triceps Pushdown",,30.000,10,,,NORMAL_SET
"LEG ","2026-01-07 11:42:58",00:33:17,"Lever Belt Squat",,140.000,7,,,NORMAL_SET
"LEG ","2026-01-07 11:42:58",00:33:17,"Lever Belt Squat",,150.000,4,,,NORMAL_SET
"LEG ","2026-01-07 11:42:58",00:33:17,"Romanian Deadlift",,85.000,9,,,NORMAL_SET
"LEG ","2026-01-07 11:42:58",00:33:17,"Romanian Deadlift",,85.000,7,,,NORMAL_SET
"LEG ","2026-01-07 11:42:58",00:33:17,"Lever Lying Leg Curl",,40.000,7,,,NORMAL_SET
PULL,"2026-01-06 20:21:40",01:14:31,"Hammer Grip Pull-up on Dip Cage",,0.000,9,,,NORMAL_SET
PULL,"2026-01-06 20:21:40",01:14:31,"Hammer Grip Pull-up on Dip Cage",,0.000,8,,,NORMAL_SET
PULL,"2026-01-06 20:21:40",01:14:31,"Lever High Row",,90.000,11,,,NORMAL_SET
PULL,"2026-01-06 20:21:40",01:14:31,"Lever High Row",,90.000,8,,,NORMAL_SET
PULL,"2026-01-06 20:21:40",01:14:31,"Lever High Row",,90.000,9,,,NORMAL_SET
PULL,"2026-01-06 20:21:40",01:14:31,"Lever One Arm Low Row ",,45.000,11,,,LEFT_SET
PULL,"2026-01-06 20:21:40",01:14:31,"Lever One Arm Low Row ",,45.000,11,,,RIGHT_SET
PULL,"2026-01-06 20:21:40",01:14:31,"Lever One Arm Low Row ",,45.000,9,,,LEFT_SET
PULL,"2026-01-06 20:21:40",01:14:31,"Lever One Arm Low Row ",,45.000,10,,,RIGHT_SET
PULL,"2026-01-06 20:21:40",01:14:31,"Lever One Arm Low Row ",,45.000,9,,,LEFT_SET
PULL,"2026-01-06 20:21:40",01:14:31,"Lever One Arm Low Row ",,45.000,11,,,RIGHT_SET
PULL,"2026-01-06 20:21:40",01:14:31,"Barbell Lying Row on Rack",,55.000,12,,,NORMAL_SET
PULL,"2026-01-06 20:21:40",01:14:31,"Barbell Lying Row on Rack",,65.000,9,,,NORMAL_SET
PULL,"2026-01-06 20:21:40",01:14:31,"Barbell Lying Row on Rack",,60.000,11,,,NORMAL_SET
PULL,"2026-01-06 20:21:40",01:14:31,"Cable One Arm Biceps Curl ",,12.000,10,,,LEFT_SET
PULL,"2026-01-06 20:21:40",01:14:31,"Cable One Arm Biceps Curl ",,12.000,9,,,RIGHT_SET
PULL,"2026-01-06 20:21:40",01:14:31,"Cable One Arm Biceps Curl ",,12.000,11,,,LEFT_SET
PULL,"2026-01-06 20:21:40",01:14:31,"Cable One Arm Biceps Curl ",,12.000,8,,,RIGHT_SET
PULL,"2026-01-06 20:21:40",01:14:31,"Cable One Arm Biceps Curl ",,12.000,9,,,LEFT_SET
PULL,"2026-01-06 20:21:40",01:14:31,"Cable One Arm Biceps Curl ",,12.000,8,,,RIGHT_SET
PULL,"2026-01-06 20:21:40",01:14:31,"Hammer Curl",,14.000,10,,,NORMAL_SET
PULL,"2026-01-06 20:21:40",01:14:31,"Hammer Curl",,14.000,9,,,NORMAL_SET
PULL,"2026-01-06 20:21:40",01:14:31,"Lever Seated Reverse Fly",,20.000,7,,,NORMAL_SET
PULL,"2026-01-06 20:21:40",01:14:31,"Lever Seated Reverse Fly",,20.000,7,,,NORMAL_SET
PULL,"2026-01-06 20:21:40",01:14:31,"Lever Seated Reverse Fly",,20.000,7,,,NORMAL_SET
PUSH,"2026-01-05 11:15:11",01:16:45,"Lever Incline Chest Press",,80.000,11,,,NORMAL_SET
PUSH,"2026-01-05 11:15:11",01:16:45,"Lever Incline Chest Press",,90.000,11,,,NORMAL_SET
PUSH,"2026-01-05 11:15:11",01:16:45,"Lever Incline Chest Press",,90.000,6,,,NORMAL_SET
PUSH,"2026-01-05 11:15:11",01:16:45,"Lever Chest Press",,55.000,9,,,NORMAL_SET
PUSH,"2026-01-05 11:15:11",01:16:45,"Lever Chest Press",,55.000,11,,,NORMAL_SET
PUSH,"2026-01-05 11:15:11",01:16:45,"Lever Chest Press",,55.000,11,,,NORMAL_SET
PUSH,"2026-01-05 11:15:11",01:16:45,"Lever Decline Chest Press",,80.000,7,,,NORMAL_SET
PUSH,"2026-01-05 11:15:11",01:16:45,"Lever Decline Chest Press",,80.000,6,,,NORMAL_SET
PUSH,"2026-01-05 11:15:11",01:16:45,"Lever Shoulder Press",,60.000,8,,,NORMAL_SET
PUSH,"2026-01-05 11:15:11",01:16:45,"Lever Shoulder Press",,60.000,11,,,NORMAL_SET
PUSH,"2026-01-05 11:15:11",01:16:45,"Lever Shoulder Press",,60.000,7,,,NORMAL_SET
PUSH,"2026-01-05 11:15:11",01:16:45,"Lever Lateral Raise",,30.000,10,,,DROP_SET
PUSH,"2026-01-05 11:15:11",01:16:45,"Lever Lateral Raise",,20.000,10,,,DROP_SET
PUSH,"2026-01-05 11:15:11",01:16:45,"Lever Lateral Raise",,15.000,9,,,DROP_SET
PUSH,"2026-01-05 11:15:11",01:16:45,"Lever Lateral Raise",,30.000,9,,,DROP_SET
PUSH,"2026-01-05 11:15:11",01:16:45,"Lever Lateral Raise",,20.000,9,,,DROP_SET
PUSH,"2026-01-05 11:15:11",01:16:45,"Lever Lateral Raise",,15.000,9,,,DROP_SET
PUSH,"2026-01-05 11:15:11",01:16:45,"Lever Lateral Raise",,30.000,9,,,DROP_SET
PUSH,"2026-01-05 11:15:11",01:16:45,"Lever Lateral Raise",,20.000,7,,,DROP_SET
PUSH,"2026-01-05 11:15:11",01:16:45,"Lever Lateral Raise",,15.000,9,,,DROP_SET
PUSH,"2026-01-05 11:15:11",01:16:45,"Cable One Arm High Pulley Overhead Tricep Extension",,25.000,12,,,LEFT_SET
PUSH,"2026-01-05 11:15:11",01:16:45,"Cable One Arm High Pulley Overhead Tricep Extension",,25.000,12,,,RIGHT_SET
PUSH,"2026-01-05 11:15:11",01:16:45,"Cable One Arm High Pulley Overhead Tricep Extension",,25.000,11,,,LEFT_SET
PUSH,"2026-01-05 11:15:11",01:16:45,"Cable One Arm High Pulley Overhead Tricep Extension",,25.000,11,,,RIGHT_SET
PUSH,"2026-01-05 11:15:11",01:16:45,"Cable One Arm High Pulley Overhead Tricep Extension",,25.000,10,,,LEFT_SET
PUSH,"2026-01-05 11:15:11",01:16:45,"Cable One Arm High Pulley Overhead Tricep Extension",,25.000,8,,,RIGHT_SET
PUSH,"2026-01-05 11:15:11",01:16:45,"Triceps Pushdown",,27.500,8,,,NORMAL_SET
PUSH,"2026-01-05 11:15:11",01:16:45,"Triceps Pushdown",,27.500,10,,,NORMAL_SET
PUSH,"2026-01-05 11:15:11",01:16:45,"Triceps Pushdown",,25.000,17,,,NORMAL_SET
PULL,"2026-01-02 16:09:03",01:11:41,"Hammer Grip Pull-up on Dip Cage",,0.000,9,,,NORMAL_SET
PULL,"2026-01-02 16:09:03",01:11:41,"Hammer Grip Pull-up on Dip Cage",,0.000,8,,,NORMAL_SET
PULL,"2026-01-02 16:09:03",01:11:41,"Hammer Grip Pull-up on Dip Cage",,0.000,7,,,NORMAL_SET
PULL,"2026-01-02 16:09:03",01:11:41,"Lever High Row",,90.000,11,,,NORMAL_SET
PULL,"2026-01-02 16:09:03",01:11:41,"Lever High Row",,90.000,9,,,NORMAL_SET
PULL,"2026-01-02 16:09:03",01:11:41,"Lever High Row",,90.000,9,,,NORMAL_SET
PULL,"2026-01-02 16:09:03",01:11:41,"Lever One Arm Low Row ",,45.000,10,,,LEFT_SET
PULL,"2026-01-02 16:09:03",01:11:41,"Lever One Arm Low Row ",,45.000,10,,,RIGHT_SET
PULL,"2026-01-02 16:09:03",01:11:41,"Lever One Arm Low Row ",,45.000,9,,,LEFT_SET
PULL,"2026-01-02 16:09:03",01:11:41,"Lever One Arm Low Row ",,45.000,9,,,RIGHT_SET
PULL,"2026-01-02 16:09:03",01:11:41,"Lever One Arm Low Row ",,45.000,8,,,LEFT_SET
PULL,"2026-01-02 16:09:03",01:11:41,"Lever One Arm Low Row ",,45.000,8,,,RIGHT_SET
PULL,"2026-01-02 16:09:03",01:11:41,"Barbell Lying Row on Rack",,65.000,10,,,NORMAL_SET
PULL,"2026-01-02 16:09:03",01:11:41,"Barbell Lying Row on Rack",,65.000,9,,,NORMAL_SET
PULL,"2026-01-02 16:09:03",01:11:41,"Barbell Lying Row on Rack",,65.000,9,,,NORMAL_SET
PULL,"2026-01-02 16:09:03",01:11:41,"Cable One Arm Biceps Curl ",,12.000,10,,,LEFT_SET
PULL,"2026-01-02 16:09:03",01:11:41,"Cable One Arm Biceps Curl ",,12.000,9,,,RIGHT_SET
PULL,"2026-01-02 16:09:03",01:11:41,"Cable One Arm Biceps Curl ",,12.000,10,,,LEFT_SET
PULL,"2026-01-02 16:09:03",01:11:41,"Cable One Arm Biceps Curl ",,12.000,8,,,RIGHT_SET
PULL,"2026-01-02 16:09:03",01:11:41,"Cable One Arm Biceps Curl ",,12.000,9,,,LEFT_SET
PULL,"2026-01-02 16:09:03",01:11:41,"Cable One Arm Biceps Curl ",,12.000,8,,,RIGHT_SET
PULL,"2026-01-02 16:09:03",01:11:41,"Hammer Curl",,14.000,10,,,NORMAL_SET
PULL,"2026-01-02 16:09:03",01:11:41,"Hammer Curl",,14.000,8,,,NORMAL_SET
PULL,"2026-01-02 16:09:03",01:11:41,"Lever Seated Reverse Fly",,20.000,10,,,NORMAL_SET
PULL,"2026-01-02 16:09:03",01:11:41,"Lever Seated Reverse Fly",,20.000,7,,,NORMAL_SET
PULL,"2026-01-02 16:09:03",01:11:41,"Lever Seated Reverse Fly",,20.000,8,,,NORMAL_SET
PULL,"2025-12-30 12:33:50",01:08:17,"Hammer Grip Pull-up on Dip Cage",,0.000,10,,,NORMAL_SET
PULL,"2025-12-30 12:33:50",01:08:17,"Hammer Grip Pull-up on Dip Cage",,0.000,7,,,NORMAL_SET
PULL,"2025-12-30 12:33:50",01:08:17,"Hammer Grip Pull-up on Dip Cage",,0.000,5,,,NORMAL_SET
PULL,"2025-12-30 12:33:50",01:08:17,"Lever One Arm Lateral High Row",,100.000,9,,,NORMAL_SET
PULL,"2025-12-30 12:33:50",01:08:17,"Lever One Arm Lateral High Row",,90.000,9,,,NORMAL_SET
PULL,"2025-12-30 12:33:50",01:08:17,"Lever One Arm Lateral High Row",,100.000,9,,,NORMAL_SET
PULL,"2025-12-30 12:33:50",01:08:17,"Lever One Arm Low Row ",,45.000,8,,,LEFT_SET
PULL,"2025-12-30 12:33:50",01:08:17,"Lever One Arm Low Row ",,45.000,9,,,RIGHT_SET
PULL,"2025-12-30 12:33:50",01:08:17,"Lever One Arm Low Row ",,45.000,10,,,LEFT_SET
PULL,"2025-12-30 12:33:50",01:08:17,"Lever One Arm Low Row ",,45.000,10,,,RIGHT_SET
PULL,"2025-12-30 12:33:50",01:08:17,"Lever One Arm Low Row ",,45.000,8,,,LEFT_SET
PULL,"2025-12-30 12:33:50",01:08:17,"Lever One Arm Low Row ",,45.000,10,,,RIGHT_SET
PULL,"2025-12-30 12:33:50",01:08:17,"Barbell Lying Row on Rack",,65.000,8,,,NORMAL_SET
PULL,"2025-12-30 12:33:50",01:08:17,"Barbell Lying Row on Rack",,65.000,10,,,NORMAL_SET
PULL,"2025-12-30 12:33:50",01:08:17,"Barbell Lying Row on Rack",,65.000,9,,,NORMAL_SET
PULL,"2025-12-30 12:33:50",01:08:17,"Cable One Arm Biceps Curl ",,12.000,10,,,LEFT_SET
PULL,"2025-12-30 12:33:50",01:08:17,"Cable One Arm Biceps Curl ",,12.000,10,,,RIGHT_SET
PULL,"2025-12-30 12:33:50",01:08:17,"Cable One Arm Biceps Curl ",,12.000,9,,,LEFT_SET
PULL,"2025-12-30 12:33:50",01:08:17,"Cable One Arm Biceps Curl ",,12.000,9,,,RIGHT_SET
PULL,"2025-12-30 12:33:50",01:08:17,"Cable One Arm Biceps Curl ",,12.000,9,,,LEFT_SET
PULL,"2025-12-30 12:33:50",01:08:17,"Cable One Arm Biceps Curl ",,12.000,8,,,RIGHT_SET
PULL,"2025-12-30 12:33:50",01:08:17,"Hammer Curl",,14.000,9,,,NORMAL_SET
PULL,"2025-12-30 12:33:50",01:08:17,"Hammer Curl",,14.000,8,,,NORMAL_SET
PULL,"2025-12-30 12:33:50",01:08:17,"Lever Seated Reverse Fly",,20.000,9,,,NORMAL_SET
PULL,"2025-12-30 12:33:50",01:08:17,"Lever Seated Reverse Fly",,20.000,8,,,NORMAL_SET
PULL,"2025-12-30 12:33:50",01:08:17,"Lever Seated Reverse Fly",,20.000,6,,,NORMAL_SET
PUSH,"2025-12-29 11:18:39",01:08:53,"Lever Incline Chest Press",,90.000,12,,,NORMAL_SET
PUSH,"2025-12-29 11:18:39",01:08:53,"Lever Incline Chest Press",,90.000,9,,,NORMAL_SET
PUSH,"2025-12-29 11:18:39",01:08:53,"Lever Incline Chest Press",,90.000,5,,,NORMAL_SET
PUSH,"2025-12-29 11:18:39",01:08:53,"Lever Chest Press",,55.000,10,,,NORMAL_SET
PUSH,"2025-12-29 11:18:39",01:08:53,"Lever Chest Press",,55.000,9,,,NORMAL_SET
PUSH,"2025-12-29 11:18:39",01:08:53,"Lever Chest Press",,55.000,10,,,NORMAL_SET
PUSH,"2025-12-29 11:18:39",01:08:53,"Lever Decline Chest Press",,80.000,8,,,NORMAL_SET
PUSH,"2025-12-29 11:18:39",01:08:53,"Lever Decline Chest Press",,80.000,9,,,NORMAL_SET
PUSH,"2025-12-29 11:18:39",01:08:53,"Lever Shoulder Press",,60.000,10,,,NORMAL_SET
PUSH,"2025-12-29 11:18:39",01:08:53,"Lever Shoulder Press",,60.000,9,,,NORMAL_SET
PUSH,"2025-12-29 11:18:39",01:08:53,"Lever Shoulder Press",,60.000,8,,,NORMAL_SET
PUSH,"2025-12-29 11:18:39",01:08:53,"Lever Lateral Raise",,30.000,10,,,DROP_SET
PUSH,"2025-12-29 11:18:39",01:08:53,"Lever Lateral Raise",,20.000,10,,,DROP_SET
PUSH,"2025-12-29 11:18:39",01:08:53,"Lever Lateral Raise",,15.000,10,,,DROP_SET
PUSH,"2025-12-29 11:18:39",01:08:53,"Lever Lateral Raise",,30.000,10,,,DROP_SET
PUSH,"2025-12-29 11:18:39",01:08:53,"Lever Lateral Raise",,20.000,8,,,DROP_SET
PUSH,"2025-12-29 11:18:39",01:08:53,"Lever Lateral Raise",,15.000,8,,,DROP_SET
PUSH,"2025-12-29 11:18:39",01:08:53,"Lever Lateral Raise",,30.000,9,,,DROP_SET
PUSH,"2025-12-29 11:18:39",01:08:53,"Lever Lateral Raise",,20.000,9,,,DROP_SET
PUSH,"2025-12-29 11:18:39",01:08:53,"Lever Lateral Raise",,15.000,10,,,DROP_SET
PUSH,"2025-12-29 11:18:39",01:08:53,"Cable One Arm High Pulley Overhead Tricep Extension",,25.000,12,,,LEFT_SET
PUSH,"2025-12-29 11:18:39",01:08:53,"Cable One Arm High Pulley Overhead Tricep Extension",,25.000,10,,,RIGHT_SET
PUSH,"2025-12-29 11:18:39",01:08:53,"Cable One Arm High Pulley Overhead Tricep Extension",,25.000,12,,,LEFT_SET
PUSH,"2025-12-29 11:18:39",01:08:53,"Cable One Arm High Pulley Overhead Tricep Extension",,25.000,10,,,RIGHT_SET
PUSH,"2025-12-29 11:18:39",01:08:53,"Cable One Arm High Pulley Overhead Tricep Extension",,25.000,12,,,LEFT_SET
PUSH,"2025-12-29 11:18:39",01:08:53,"Cable One Arm High Pulley Overhead Tricep Extension",,25.000,10,,,RIGHT_SET
PUSH,"2025-12-29 11:18:39",01:08:53,"Triceps Pushdown",,28.500,11,,,NORMAL_SET
PUSH,"2025-12-29 11:18:39",01:08:53,"Triceps Pushdown",,28.500,9,,,NORMAL_SET
PUSH,"2025-12-29 11:18:39",01:08:53,"Triceps Pushdown",,27.000,20,,,NORMAL_SET
PULL,"2025-12-26 12:06:49",01:26:02,"Hammer Grip Pull-up on Dip Cage",,0.000,8,,,NORMAL_SET
PULL,"2025-12-26 12:06:49",01:26:02,"Hammer Grip Pull-up on Dip Cage",,0.000,8,,,NORMAL_SET
PULL,"2025-12-26 12:06:49",01:26:02,"Hammer Grip Pull-up on Dip Cage",,0.000,6,,,NORMAL_SET
PULL,"2025-12-26 12:06:49",01:26:02,"Lever One Arm Lateral High Row",,100.000,10,,,NORMAL_SET
PULL,"2025-12-26 12:06:49",01:26:02,"Lever One Arm Lateral High Row",,100.000,9,,,NORMAL_SET
PULL,"2025-12-26 12:06:49",01:26:02,"Lever One Arm Lateral High Row",,100.000,9,,,NORMAL_SET
PULL,"2025-12-26 12:06:49",01:26:02,"Lever One Arm Low Row ",,45.000,10,,,LEFT_SET
PULL,"2025-12-26 12:06:49",01:26:02,"Lever One Arm Low Row ",,45.000,11,,,RIGHT_SET
PULL,"2025-12-26 12:06:49",01:26:02,"Lever One Arm Low Row ",,45.000,11,,,LEFT_SET
PULL,"2025-12-26 12:06:49",01:26:02,"Lever One Arm Low Row ",,45.000,12,,,RIGHT_SET
PULL,"2025-12-26 12:06:49",01:26:02,"Lever One Arm Low Row ",,45.000,11,,,LEFT_SET
PULL,"2025-12-26 12:06:49",01:26:02,"Lever One Arm Low Row ",,45.000,11,,,RIGHT_SET
PULL,"2025-12-26 12:06:49",01:26:02,"Barbell Lying Row on Rack",,70.000,9,,,NORMAL_SET
PULL,"2025-12-26 12:06:49",01:26:02,"Barbell Lying Row on Rack",,65.000,10,,,NORMAL_SET
PULL,"2025-12-26 12:06:49",01:26:02,"Barbell Lying Row on Rack",,65.000,10,,,NORMAL_SET
PULL,"2025-12-26 12:06:49",01:26:02,"Cable One Arm Biceps Curl ",,12.500,10,,,LEFT_SET
PULL,"2025-12-26 12:06:49",01:26:02,"Cable One Arm Biceps Curl ",,12.500,9,,,RIGHT_SET
PULL,"2025-12-26 12:06:49",01:26:02,"Cable One Arm Biceps Curl ",,12.500,9,,,LEFT_SET
PULL,"2025-12-26 12:06:49",01:26:02,"Cable One Arm Biceps Curl ",,12.500,7,,,RIGHT_SET
PULL,"2025-12-26 12:06:49",01:26:02,"Cable One Arm Biceps Curl ",,12.500,8,,,LEFT_SET
PULL,"2025-12-26 12:06:49",01:26:02,"Cable One Arm Biceps Curl ",,12.500,8,,,RIGHT_SET
PULL,"2025-12-26 12:06:49",01:26:02,"Hammer Curl",,12.000,12,,,NORMAL_SET
PULL,"2025-12-26 12:06:49",01:26:02,"Hammer Curl",,12.000,12,,,NORMAL_SET
PULL,"2025-12-26 12:06:49",01:26:02,"Lever Seated Reverse Fly",,20.000,11,,,NORMAL_SET
PULL,"2025-12-26 12:06:49",01:26:02,"Lever Seated Reverse Fly",,20.000,8,,,NORMAL_SET
PULL,"2025-12-26 12:06:49",01:26:02,"Lever Seated Reverse Fly",,20.000,6,,,NORMAL_SET
PUSH,"2025-12-25 17:13:02",01:10:06,"Lever Incline Chest Press",,85.000,10,,,NORMAL_SET
PUSH,"2025-12-25 17:13:02",01:10:06,"Lever Incline Chest Press",,85.000,8,,,NORMAL_SET
PUSH,"2025-12-25 17:13:02",01:10:06,"Lever Incline Chest Press",,85.000,5,,,NORMAL_SET
PUSH,"2025-12-25 17:13:02",01:10:06,"Lever Chest Press",,55.000,9,,,NORMAL_SET
PUSH,"2025-12-25 17:13:02",01:10:06,"Lever Chest Press",,55.000,8,,,NORMAL_SET
PUSH,"2025-12-25 17:13:02",01:10:06,"Lever Chest Press",,55.000,8,,,NORMAL_SET
PUSH,"2025-12-25 17:13:02",01:10:06,"Lever Decline Chest Press",,80.000,9,,,NORMAL_SET
PUSH,"2025-12-25 17:13:02",01:10:06,"Lever Decline Chest Press",,80.000,11,,,NORMAL_SET
PUSH,"2025-12-25 17:13:02",01:10:06,"Lever Shoulder Press",,65.000,7,,,NORMAL_SET
PUSH,"2025-12-25 17:13:02",01:10:06,"Lever Shoulder Press",,60.000,10,,,NORMAL_SET
PUSH,"2025-12-25 17:13:02",01:10:06,"Lever Shoulder Press",,60.000,8,,,NORMAL_SET
PUSH,"2025-12-25 17:13:02",01:10:06,"Lever Lateral Raise",,30.000,10,,,DROP_SET
PUSH,"2025-12-25 17:13:02",01:10:06,"Lever Lateral Raise",,20.000,10,,,DROP_SET
PUSH,"2025-12-25 17:13:02",01:10:06,"Lever Lateral Raise",,15.000,10,,,DROP_SET
PUSH,"2025-12-25 17:13:02",01:10:06,"Lever Lateral Raise",,30.000,10,,,DROP_SET
PUSH,"2025-12-25 17:13:02",01:10:06,"Lever Lateral Raise",,20.000,10,,,DROP_SET
PUSH,"2025-12-25 17:13:02",01:10:06,"Lever Lateral Raise",,15.000,9,,,DROP_SET
PUSH,"2025-12-25 17:13:02",01:10:06,"Lever Lateral Raise",,30.000,9,,,DROP_SET
PUSH,"2025-12-25 17:13:02",01:10:06,"Lever Lateral Raise",,20.000,8,,,DROP_SET
PUSH,"2025-12-25 17:13:02",01:10:06,"Lever Lateral Raise",,15.000,8,,,DROP_SET
PUSH,"2025-12-25 17:13:02",01:10:06,"Cable One Arm High Pulley Overhead Tricep Extension",,23.750,12,,,LEFT_SET
PUSH,"2025-12-25 17:13:02",01:10:06,"Cable One Arm High Pulley Overhead Tricep Extension",,23.750,12,,,RIGHT_SET
PUSH,"2025-12-25 17:13:02",01:10:06,"Cable One Arm High Pulley Overhead Tricep Extension",,23.750,12,,,LEFT_SET
PUSH,"2025-12-25 17:13:02",01:10:06,"Cable One Arm High Pulley Overhead Tricep Extension",,23.750,12,,,RIGHT_SET
PUSH,"2025-12-25 17:13:02",01:10:06,"Cable One Arm High Pulley Overhead Tricep Extension",,25.000,12,,,LEFT_SET
PUSH,"2025-12-25 17:13:02",01:10:06,"Cable One Arm High Pulley Overhead Tricep Extension",,25.000,12,,,RIGHT_SET
PUSH,"2025-12-25 17:13:02",01:10:06,"Triceps Pushdown",,27.500,12,,,NORMAL_SET
PUSH,"2025-12-25 17:13:02",01:10:06,"Triceps Pushdown",,28.500,12,,,NORMAL_SET
PUSH,"2025-12-25 17:13:02",01:10:06,"Triceps Pushdown",,26.000,19,,,NORMAL_SET
PULL,"2025-12-23 10:46:16",01:23:53,"Hammer Grip Pull-up on Dip Cage",,0.000,9,,,NORMAL_SET
PULL,"2025-12-23 10:46:16",01:23:53,"Hammer Grip Pull-up on Dip Cage",,0.000,7,,,NORMAL_SET
PULL,"2025-12-23 10:46:16",01:23:53,"Hammer Grip Pull-up on Dip Cage",,0.000,6,,,NORMAL_SET
PULL,"2025-12-23 10:46:16",01:23:53,"Lever One Arm Lateral High Row",,90.000,12,,,NORMAL_SET
PULL,"2025-12-23 10:46:16",01:23:53,"Lever One Arm Lateral High Row",,100.000,9,,,NORMAL_SET
PULL,"2025-12-23 10:46:16",01:23:53,"Lever One Arm Lateral High Row",,100.000,8,,,NORMAL_SET
PULL,"2025-12-23 10:46:16",01:23:53,"Lever One Arm Low Row ",,45.000,10,,,LEFT_SET
PULL,"2025-12-23 10:46:16",01:23:53,"Lever One Arm Low Row ",,45.000,9,,,RIGHT_SET
PULL,"2025-12-23 10:46:16",01:23:53,"Lever One Arm Low Row ",,45.000,10,,,LEFT_SET
PULL,"2025-12-23 10:46:16",01:23:53,"Lever One Arm Low Row ",,45.000,9,,,RIGHT_SET
PULL,"2025-12-23 10:46:16",01:23:53,"Lever One Arm Low Row ",,45.000,10,,,LEFT_SET
PULL,"2025-12-23 10:46:16",01:23:53,"Lever One Arm Low Row ",,45.000,10,,,RIGHT_SET
PULL,"2025-12-23 10:46:16",01:23:53,"Barbell Lying Row on Rack",,60.000,12,,,NORMAL_SET
PULL,"2025-12-23 10:46:16",01:23:53,"Barbell Lying Row on Rack",,60.000,12,,,NORMAL_SET
PULL,"2025-12-23 10:46:16",01:23:53,"Barbell Lying Row on Rack",,70.000,8,,,NORMAL_SET
PULL,"2025-12-23 10:46:16",01:23:53,"Cable One Arm Biceps Curl ",,12.000,10,,,LEFT_SET
PULL,"2025-12-23 10:46:16",01:23:53,"Cable One Arm Biceps Curl ",,12.000,12,,,RIGHT_SET
PULL,"2025-12-23 10:46:16",01:23:53,"Cable One Arm Biceps Curl ",,12.000,11,,,LEFT_SET
PULL,"2025-12-23 10:46:16",01:23:53,"Cable One Arm Biceps Curl ",,12.000,10,,,RIGHT_SET
PULL,"2025-12-23 10:46:16",01:23:53,"Cable One Arm Biceps Curl ",,12.000,8,,,LEFT_SET
PULL,"2025-12-23 10:46:16",01:23:53,"Cable One Arm Biceps Curl ",,12.000,8,,,RIGHT_SET
PULL,"2025-12-23 10:46:16",01:23:53,"Hammer Curl",,12.000,12,,,NORMAL_SET
PULL,"2025-12-23 10:46:16",01:23:53,"Hammer Curl",,12.000,10,,,NORMAL_SET
PULL,"2025-12-23 10:46:16",01:23:53,"Lever Seated Reverse Fly",,20.000,10,,,NORMAL_SET
PULL,"2025-12-23 10:46:16",01:23:53,"Lever Seated Reverse Fly",,20.000,8,,,NORMAL_SET
PULL,"2025-12-23 10:46:16",01:23:53,"Lever Seated Reverse Fly",,20.000,8,,,NORMAL_SET
"CARDIO (CINTA CURVA)","2025-12-22 19:11:15",00:26:10,"Assault Run",,,,2.11,25:00,NORMAL_SET
"CARDIO (CINTA CURVA)","2025-12-22 19:11:15",00:26:10,"Assault Run",,,,0.46,05:00,NORMAL_SET
PUSH,"2025-12-22 10:29:53",01:13:45,"Lever Incline Chest Press",,85.000,9,,,NORMAL_SET
PUSH,"2025-12-22 10:29:53",01:13:45,"Lever Incline Chest Press",,85.000,7,,,NORMAL_SET
PUSH,"2025-12-22 10:29:53",01:13:45,"Lever Incline Chest Press",,85.000,6,,,NORMAL_SET
PUSH,"2025-12-22 10:29:53",01:13:45,"Lever Chest Press",,55.000,9,,,NORMAL_SET
PUSH,"2025-12-22 10:29:53",01:13:45,"Lever Chest Press",,55.000,9,,,NORMAL_SET
PUSH,"2025-12-22 10:29:53",01:13:45,"Lever Chest Press",,55.000,8,,,NORMAL_SET
PUSH,"2025-12-22 10:29:53",01:13:45,"Lever Decline Chest Press",,80.000,9,,,NORMAL_SET
PUSH,"2025-12-22 10:29:53",01:13:45,"Lever Decline Chest Press",,80.000,10,,,NORMAL_SET
PUSH,"2025-12-22 10:29:53",01:13:45,"Lever Shoulder Press",,70.000,7,,,NORMAL_SET
PUSH,"2025-12-22 10:29:53",01:13:45,"Lever Shoulder Press",,65.000,10,,,NORMAL_SET
PUSH,"2025-12-22 10:29:53",01:13:45,"Lever Shoulder Press",,65.000,9,,,NORMAL_SET
PUSH,"2025-12-22 10:29:53",01:13:45,"Lever Lateral Raise",,30.000,10,,,DROP_SET
PUSH,"2025-12-22 10:29:53",01:13:45,"Lever Lateral Raise",,20.000,10,,,DROP_SET
PUSH,"2025-12-22 10:29:53",01:13:45,"Lever Lateral Raise",,15.000,10,,,DROP_SET
PUSH,"2025-12-22 10:29:53",01:13:45,"Lever Lateral Raise",,30.000,10,,,DROP_SET
PUSH,"2025-12-22 10:29:53",01:13:45,"Lever Lateral Raise",,20.000,10,,,DROP_SET
PUSH,"2025-12-22 10:29:53",01:13:45,"Lever Lateral Raise",,15.000,9,,,DROP_SET
PUSH,"2025-12-22 10:29:53",01:13:45,"Lever Lateral Raise",,30.000,9,,,DROP_SET
PUSH,"2025-12-22 10:29:53",01:13:45,"Lever Lateral Raise",,20.000,9,,,DROP_SET
PUSH,"2025-12-22 10:29:53",01:13:45,"Lever Lateral Raise",,15.000,8,,,DROP_SET
PUSH,"2025-12-22 10:29:53",01:13:45,"Cable One Arm High Pulley Overhead Tricep Extension",,22.500,12,,,NORMAL_SET
PUSH,"2025-12-22 10:29:53",01:13:45,"Cable One Arm High Pulley Overhead Tricep Extension",,23.750,10,,,NORMAL_SET
PUSH,"2025-12-22 10:29:53",01:13:45,"Cable One Arm High Pulley Overhead Tricep Extension",,23.750,11,,,NORMAL_SET
PUSH,"2025-12-22 10:29:53",01:13:45,"Triceps Pushdown",,28.750,12,,,NORMAL_SET
PUSH,"2025-12-22 10:29:53",01:13:45,"Triceps Pushdown",,27.500,12,,,NORMAL_SET
PUSH,"2025-12-22 10:29:53",01:13:45,"Triceps Pushdown",,25.000,17,,,NORMAL_SET
"CARDIO (CINTA CURVA)","2025-12-19 16:30:44",00:31:03,"Assault Run",,,,0.41,05:00,NORMAL_SET
"CARDIO (CINTA CURVA)","2025-12-19 16:30:44",00:31:03,"Assault Run",,,,1.97,25:00,NORMAL_SET
"CARDIO (CINTA CURVA)","2025-12-19 16:30:44",00:31:03,"Assault Run",,,,0.41,05:00,NORMAL_SET
PULL,"2025-12-19 15:07:24",01:17:10,"Hammer Grip Pull-up on Dip Cage",,0.000,8,,,NORMAL_SET
PULL,"2025-12-19 15:07:24",01:17:10,"Hammer Grip Pull-up on Dip Cage",,0.000,7,,,NORMAL_SET
PULL,"2025-12-19 15:07:24",01:17:10,"Hammer Grip Pull-up on Dip Cage",,0.000,6,,,NORMAL_SET
PULL,"2025-12-19 15:07:24",01:17:10,"Lever One Arm Lateral High Row",,100.000,10,,,NORMAL_SET
PULL,"2025-12-19 15:07:24",01:17:10,"Lever One Arm Lateral High Row",,100.000,9,,,NORMAL_SET
PULL,"2025-12-19 15:07:24",01:17:10,"Lever One Arm Lateral High Row",,90.000,9,,,NORMAL_SET
PULL,"2025-12-19 15:07:24",01:17:10,"Lever One Arm Low Row ",,90.000,9,,,NORMAL_SET
PULL,"2025-12-19 15:07:24",01:17:10,"Lever One Arm Low Row ",,90.000,9,,,NORMAL_SET
PULL,"2025-12-19 15:07:24",01:17:10,"Lever One Arm Low Row ",,80.000,11,,,NORMAL_SET
PULL,"2025-12-19 15:07:24",01:17:10,"Barbell Lying Row on Rack",,60.000,8,,,NORMAL_SET
PULL,"2025-12-19 15:07:24",01:17:10,"Barbell Lying Row on Rack",,60.000,8,,,NORMAL_SET
PULL,"2025-12-19 15:07:24",01:17:10,"Barbell Lying Row on Rack",,60.000,8,,,NORMAL_SET
PULL,"2025-12-19 15:07:24",01:17:10,"Cable One Arm Biceps Curl ",,12.000,12,,,NORMAL_SET
PULL,"2025-12-19 15:07:24",01:17:10,"Cable One Arm Biceps Curl ",,12.000,11,,,NORMAL_SET
PULL,"2025-12-19 15:07:24",01:17:10,"Cable One Arm Biceps Curl ",,12.000,9,,,NORMAL_SET
PULL,"2025-12-19 15:07:24",01:17:10,"Hammer Curl",,12.000,12,,,NORMAL_SET
PULL,"2025-12-19 15:07:24",01:17:10,"Hammer Curl",,12.000,11,,,NORMAL_SET
PULL,"2025-12-19 15:07:24",01:17:10,"Lever Seated Reverse Fly",,17.500,12,,,NORMAL_SET
PULL,"2025-12-19 15:07:24",01:17:10,"Lever Seated Reverse Fly",,20.000,9,,,NORMAL_SET
PULL,"2025-12-19 15:07:24",01:17:10,"Lever Seated Reverse Fly",,20.000,7,,,NORMAL_SET
"CARDIO (CINTA CURVA)","2025-12-18 18:28:58",00:36:48,"Assault Run",,,,0.41,05:00,NORMAL_SET
"CARDIO (CINTA CURVA)","2025-12-18 18:28:58",00:36:48,"Assault Run",,,,2.5,25:00,NORMAL_SET
"CARDIO (CINTA CURVA)","2025-12-18 18:28:58",00:36:48,"Assault Run",,,,.62,05:00,NORMAL_SET
PUSH,"2025-12-18 11:21:19",01:15:12,"Lever Incline Chest Press",,85.000,10,,,NORMAL_SET
PUSH,"2025-12-18 11:21:19",01:15:12,"Lever Incline Chest Press",,85.000,7,,,NORMAL_SET
PUSH,"2025-12-18 11:21:19",01:15:12,"Lever Incline Chest Press",,85.000,6,,,NORMAL_SET
PUSH,"2025-12-18 11:21:19",01:15:12,"Lever Chest Press",,55.000,9,,,NORMAL_SET
PUSH,"2025-12-18 11:21:19",01:15:12,"Lever Chest Press",,55.000,11,,,NORMAL_SET
PUSH,"2025-12-18 11:21:19",01:15:12,"Lever Chest Press",,60.000,10,,,NORMAL_SET
PUSH,"2025-12-18 11:21:19",01:15:12,"Lever Decline Chest Press",,70.000,11,,,NORMAL_SET
PUSH,"2025-12-18 11:21:19",01:15:12,"Lever Decline Chest Press",,70.000,10,,,NORMAL_SET
PUSH,"2025-12-18 11:21:19",01:15:12,"Lever Decline Chest Press",,70.000,12,,,NORMAL_SET
PUSH,"2025-12-18 11:21:19",01:15:12,"Lever Shoulder Press",,65.000,10,,,NORMAL_SET
PUSH,"2025-12-18 11:21:19",01:15:12,"Lever Shoulder Press",,67.500,11,,,NORMAL_SET
PUSH,"2025-12-18 11:21:19",01:15:12,"Lever Shoulder Press",,67.500,5,,,NORMAL_SET
PUSH,"2025-12-18 11:21:19",01:15:12,"Lever Lateral Raise",1,30.000,10,,,NORMAL_SET
PUSH,"2025-12-18 11:21:19",01:15:12,"Lever Lateral Raise",1,30.000,10,,,NORMAL_SET
PUSH,"2025-12-18 11:21:19",01:15:12,"Lever Lateral Raise",1,30.000,9,,,NORMAL_SET
PUSH,"2025-12-18 11:21:19",01:15:12,"Lever Lateral Raise",1,20.000,10,,,NORMAL_SET
PUSH,"2025-12-18 11:21:19",01:15:12,"Lever Lateral Raise",1,20.000,9,,,NORMAL_SET
PUSH,"2025-12-18 11:21:19",01:15:12,"Lever Lateral Raise",1,20.000,8,,,NORMAL_SET
PUSH,"2025-12-18 11:21:19",01:15:12,"Lever Lateral Raise",1,15.000,10,,,NORMAL_SET
PUSH,"2025-12-18 11:21:19",01:15:12,"Lever Lateral Raise",1,15.000,9,,,NORMAL_SET
PUSH,"2025-12-18 11:21:19",01:15:12,"Lever Lateral Raise",1,15.000,10,,,NORMAL_SET
PUSH,"2025-12-18 11:21:19",01:15:12,"Cable One Arm High Pulley Overhead Tricep Extension",,25.000,9,,,NORMAL_SET
PUSH,"2025-12-18 11:21:19",01:15:12,"Cable One Arm High Pulley Overhead Tricep Extension",,22.500,12,,,NORMAL_SET
PUSH,"2025-12-18 11:21:19",01:15:12,"Cable One Arm High Pulley Overhead Tricep Extension",,22.500,13,,,NORMAL_SET
PUSH,"2025-12-18 11:21:19",01:15:12,"Triceps Pushdown",,27.500,12,,,NORMAL_SET
PUSH,"2025-12-18 11:21:19",01:15:12,"Triceps Pushdown",,27.500,11,,,NORMAL_SET
PUSH,"2025-12-18 11:21:19",01:15:12,"Triceps Pushdown",,25.000,20,,,NORMAL_SET
PULL,"2025-12-16 10:51:26",01:26:17,Pull-up,,0.000,8,,,NORMAL_SET
PULL,"2025-12-16 10:51:26",01:26:17,Pull-up,,0.000,6,,,NORMAL_SET
PULL,"2025-12-16 10:51:26",01:26:17,Pull-up,,0.000,6,,,NORMAL_SET
PULL,"2025-12-16 10:51:26",01:26:17,"Lever One Arm Lateral High Row",,80.000,11,,,NORMAL_SET
PULL,"2025-12-16 10:51:26",01:26:17,"Lever One Arm Lateral High Row",,90.000,11,,,NORMAL_SET
PULL,"2025-12-16 10:51:26",01:26:17,"Lever One Arm Lateral High Row",,90.000,10,,,NORMAL_SET
PULL,"2025-12-16 10:51:26",01:26:17,"Lever One Arm Low Row ",,80.000,10,,,NORMAL_SET
PULL,"2025-12-16 10:51:26",01:26:17,"Lever One Arm Low Row ",,80.000,10,,,NORMAL_SET
PULL,"2025-12-16 10:51:26",01:26:17,"Lever One Arm Low Row ",,80.000,10,,,NORMAL_SET
PULL,"2025-12-16 10:51:26",01:26:17,"Barbell Lying Row on Rack",,45.000,12,,,NORMAL_SET
PULL,"2025-12-16 10:51:26",01:26:17,"Barbell Lying Row on Rack",,65.000,8,,,NORMAL_SET
PULL,"2025-12-16 10:51:26",01:26:17,"Barbell Lying Row on Rack",,50.000,12,,,NORMAL_SET
PULL,"2025-12-16 10:51:26",01:26:17,"Cable One Arm Biceps Curl ",,12.000,12,,,NORMAL_SET
PULL,"2025-12-16 10:51:26",01:26:17,"Cable One Arm Biceps Curl ",,12.000,11,,,NORMAL_SET
PULL,"2025-12-16 10:51:26",01:26:17,"Cable One Arm Biceps Curl ",,12.000,10,,,NORMAL_SET
PULL,"2025-12-16 10:51:26",01:26:17,"Hammer Curl",,12.000,12,,,NORMAL_SET
PULL,"2025-12-16 10:51:26",01:26:17,"Hammer Curl",,12.000,12,,,NORMAL_SET
PULL,"2025-12-16 10:51:26",01:26:17,"Lever Seated Reverse Fly",,17.500,11,,,NORMAL_SET
PULL,"2025-12-16 10:51:26",01:26:17,"Lever Seated Reverse Fly",,17.500,9,,,NORMAL_SET
PULL,"2025-12-16 10:51:26",01:26:17,"Lever Seated Reverse Fly",,17.500,10,,,NORMAL_SET
PUSH,"2025-12-15 11:32:03",01:08:49,"Lever Incline Chest Press",,85.000,10,,,NORMAL_SET
PUSH,"2025-12-15 11:32:03",01:08:49,"Lever Incline Chest Press",,85.000,8,,,NORMAL_SET
PUSH,"2025-12-15 11:32:03",01:08:49,"Lever Incline Chest Press",,85.000,6,,,NORMAL_SET
PUSH,"2025-12-15 11:32:03",01:08:49,"Lever Chest Press",,55.000,9,,,NORMAL_SET
PUSH,"2025-12-15 11:32:03",01:08:49,"Lever Chest Press",,55.000,7,,,NORMAL_SET
PUSH,"2025-12-15 11:32:03",01:08:49,"Lever Chest Press",,55.000,7,,,NORMAL_SET
PUSH,"2025-12-15 11:32:03",01:08:49,"Lever Decline Chest Press",,70.000,12,,,NORMAL_SET
PUSH,"2025-12-15 11:32:03",01:08:49,"Lever Decline Chest Press",,70.000,11,,,NORMAL_SET
PUSH,"2025-12-15 11:32:03",01:08:49,"Lever Decline Chest Press",,70.000,11,,,NORMAL_SET
PUSH,"2025-12-15 11:32:03",01:08:49,"Lever Shoulder Press",,65.000,8,,,NORMAL_SET
PUSH,"2025-12-15 11:32:03",01:08:49,"Lever Shoulder Press",,65.000,8,,,NORMAL_SET
PUSH,"2025-12-15 11:32:03",01:08:49,"Lever Shoulder Press",,65.000,7,,,NORMAL_SET
PUSH,"2025-12-15 11:32:03",01:08:49,"Lever Lateral Raise",1,27.500,10,,,NORMAL_SET
PUSH,"2025-12-15 11:32:03",01:08:49,"Lever Lateral Raise",1,30.000,10,,,NORMAL_SET
PUSH,"2025-12-15 11:32:03",01:08:49,"Lever Lateral Raise",1,30.000,8,,,NORMAL_SET
PUSH,"2025-12-15 11:32:03",01:08:49,"Lever Lateral Raise",1,17.500,10,,,NORMAL_SET
PUSH,"2025-12-15 11:32:03",01:08:49,"Lever Lateral Raise",1,20.000,9,,,NORMAL_SET
PUSH,"2025-12-15 11:32:03",01:08:49,"Lever Lateral Raise",1,20.000,7,,,NORMAL_SET
PUSH,"2025-12-15 11:32:03",01:08:49,"Lever Lateral Raise",1,12.500,10,,,NORMAL_SET
PUSH,"2025-12-15 11:32:03",01:08:49,"Lever Lateral Raise",1,15.000,9,,,NORMAL_SET
PUSH,"2025-12-15 11:32:03",01:08:49,"Lever Lateral Raise",1,15.000,7,,,NORMAL_SET
PUSH,"2025-12-15 11:32:03",01:08:49,"Cable One Arm High Pulley Overhead Tricep Extension",,25.000,10,,,NORMAL_SET
PUSH,"2025-12-15 11:32:03",01:08:49,"Cable One Arm High Pulley Overhead Tricep Extension",,25.000,9,,,NORMAL_SET
PUSH,"2025-12-15 11:32:03",01:08:49,"Cable One Arm High Pulley Overhead Tricep Extension",,22.500,12,,,NORMAL_SET
PUSH,"2025-12-15 11:32:03",01:08:49,"Triceps Pushdown",,27.500,11,,,NORMAL_SET
PUSH,"2025-12-15 11:32:03",01:08:49,"Triceps Pushdown",,27.500,10,,,NORMAL_SET
PUSH,"2025-12-15 11:32:03",01:08:49,"Triceps Pushdown",,25.000,19,,,NORMAL_SET
PULL,"2025-12-12 15:37:50",01:08:03,Pull-up,,0.000,8,,,NORMAL_SET
PULL,"2025-12-12 15:37:50",01:08:03,Pull-up,,0.000,8,,,NORMAL_SET
PULL,"2025-12-12 15:37:50",01:08:03,Pull-up,,0.000,6,,,NORMAL_SET
PULL,"2025-12-12 15:37:50",01:08:03,"Lever One Arm Low Row ",,80.000,12,,,NORMAL_SET
PULL,"2025-12-12 15:37:50",01:08:03,"Lever One Arm Low Row ",,80.000,11,,,NORMAL_SET
PULL,"2025-12-12 15:37:50",01:08:03,"Lever One Arm Low Row ",,80.000,10,,,NORMAL_SET
PULL,"2025-12-12 15:37:50",01:08:03,"Lever Lying T-bar Row",,45.000,11,,,NORMAL_SET
PULL,"2025-12-12 15:37:50",01:08:03,"Lever Lying T-bar Row",,45.000,10,,,NORMAL_SET
PULL,"2025-12-12 15:37:50",01:08:03,"Lever Lying T-bar Row",,45.000,9,,,NORMAL_SET
PULL,"2025-12-12 15:37:50",01:08:03,"Lever Lying T-bar Row",,35.000,20,,,NORMAL_SET
PULL,"2025-12-12 15:37:50",01:08:03,"Cable Standing Lat Pushdown ",,27.500,11,,,NORMAL_SET
PULL,"2025-12-12 15:37:50",01:08:03,"Cable Standing Lat Pushdown ",,27.500,10,,,NORMAL_SET
PULL,"2025-12-12 15:37:50",01:08:03,"Cable One Arm Biceps Curl ",,10.500,12,,,NORMAL_SET
PULL,"2025-12-12 15:37:50",01:08:03,"Cable One Arm Biceps Curl ",,12.000,10,,,NORMAL_SET
PULL,"2025-12-12 15:37:50",01:08:03,"Cable One Arm Biceps Curl ",,12.000,9,,,NORMAL_SET
PULL,"2025-12-12 15:37:50",01:08:03,"Hammer Curl",,12.000,11,,,NORMAL_SET
PULL,"2025-12-12 15:37:50",01:08:03,"Hammer Curl",,12.000,12,,,NORMAL_SET
PULL,"2025-12-12 15:37:50",01:08:03,"Lever Seated Reverse Fly",,17.500,10,,,NORMAL_SET
PULL,"2025-12-12 15:37:50",01:08:03,"Lever Seated Reverse Fly",,17.500,11,,,NORMAL_SET
PULL,"2025-12-12 15:37:50",01:08:03,"Lever Seated Reverse Fly",,17.500,9,,,NORMAL_SET
PUSH,"2025-12-11 11:14:16",01:11:12,"Lever Incline Chest Press",,80.000,9,,,NORMAL_SET
PUSH,"2025-12-11 11:14:16",01:11:12,"Lever Incline Chest Press",,80.000,7,,,NORMAL_SET
PUSH,"2025-12-11 11:14:16",01:11:12,"Lever Incline Chest Press",,80.000,6,,,NORMAL_SET
PUSH,"2025-12-11 11:14:16",01:11:12,"Lever Chest Press",,50.000,11,,,NORMAL_SET
PUSH,"2025-12-11 11:14:16",01:11:12,"Lever Chest Press",,55.000,9,,,NORMAL_SET
PUSH,"2025-12-11 11:14:16",01:11:12,"Lever Chest Press",,55.000,7,,,NORMAL_SET
PUSH,"2025-12-11 11:14:16",01:11:12,"Lever Decline Chest Press",,60.000,13,,,NORMAL_SET
PUSH,"2025-12-11 11:14:16",01:11:12,"Lever Decline Chest Press",,70.000,11,,,NORMAL_SET
PUSH,"2025-12-11 11:14:16",01:11:12,"Lever Decline Chest Press",,70.000,10,,,NORMAL_SET
PUSH,"2025-12-11 11:14:16",01:11:12,"Lever Shoulder Press",,60.000,10,,,NORMAL_SET
PUSH,"2025-12-11 11:14:16",01:11:12,"Lever Shoulder Press",,60.000,9,,,NORMAL_SET
PUSH,"2025-12-11 11:14:16",01:11:12,"Lever Shoulder Press",,60.000,7,,,NORMAL_SET
PUSH,"2025-12-11 11:14:16",01:11:12,"Lever Lateral Raise",1,27.500,10,,,NORMAL_SET
PUSH,"2025-12-11 11:14:16",01:11:12,"Lever Lateral Raise",1,27.500,10,,,NORMAL_SET
PUSH,"2025-12-11 11:14:16",01:11:12,"Lever Lateral Raise",1,27.500,10,,,NORMAL_SET
PUSH,"2025-12-11 11:14:16",01:11:12,"Lever Lateral Raise",1,17.500,10,,,NORMAL_SET
PUSH,"2025-12-11 11:14:16",01:11:12,"Lever Lateral Raise",1,17.500,10,,,NORMAL_SET
PUSH,"2025-12-11 11:14:16",01:11:12,"Lever Lateral Raise",1,17.500,9,,,NORMAL_SET
PUSH,"2025-12-11 11:14:16",01:11:12,"Lever Lateral Raise",1,12.500,10,,,NORMAL_SET
PUSH,"2025-12-11 11:14:16",01:11:12,"Lever Lateral Raise",1,12.500,10,,,NORMAL_SET
PUSH,"2025-12-11 11:14:16",01:11:12,"Lever Lateral Raise",1,12.500,11,,,NORMAL_SET
PUSH,"2025-12-11 11:14:16",01:11:12,"Cable One Arm High Pulley Overhead Tricep Extension",,22.500,12,,,NORMAL_SET
PUSH,"2025-12-11 11:14:16",01:11:12,"Cable One Arm High Pulley Overhead Tricep Extension",,25.000,9,,,NORMAL_SET
PUSH,"2025-12-11 11:14:16",01:11:12,"Cable One Arm High Pulley Overhead Tricep Extension",,25.000,10,,,NORMAL_SET
PUSH,"2025-12-11 11:14:16",01:11:12,"Triceps Pushdown",,27.500,12,,,NORMAL_SET
PUSH,"2025-12-11 11:14:16",01:11:12,"Triceps Pushdown",,27.500,12,,,NORMAL_SET
PUSH,"2025-12-11 11:14:16",01:11:12,"Triceps Pushdown",,25.000,16,,,NORMAL_SET
PULL,"2025-12-10 10:51:49",01:07:49,Pull-up,,0.000,7,,,NORMAL_SET
PULL,"2025-12-10 10:51:49",01:07:49,Pull-up,,0.000,7,,,NORMAL_SET
PULL,"2025-12-10 10:51:49",01:07:49,Pull-up,,0.000,7,,,NORMAL_SET
PULL,"2025-12-10 10:51:49",01:07:49,"Lever One Arm Low Row ",,80.000,11,,,NORMAL_SET
PULL,"2025-12-10 10:51:49",01:07:49,"Lever One Arm Low Row ",,80.000,10,,,NORMAL_SET
PULL,"2025-12-10 10:51:49",01:07:49,"Lever One Arm Low Row ",,80.000,9,,,NORMAL_SET
PULL,"2025-12-10 10:51:49",01:07:49,"Lever Lying T-bar Row",,45.000,13,,,NORMAL_SET
PULL,"2025-12-10 10:51:49",01:07:49,"Lever Lying T-bar Row",,45.000,12,,,NORMAL_SET
PULL,"2025-12-10 10:51:49",01:07:49,"Lever Lying T-bar Row",,45.000,9,,,NORMAL_SET
PULL,"2025-12-10 10:51:49",01:07:49,"Lever Lying T-bar Row",,35.000,16,,,NORMAL_SET
PULL,"2025-12-10 10:51:49",01:07:49,"Cable Standing Lat Pushdown ",,25.000,14,,,NORMAL_SET
PULL,"2025-12-10 10:51:49",01:07:49,"Cable Standing Lat Pushdown ",,27.500,9,,,NORMAL_SET
PULL,"2025-12-10 10:51:49",01:07:49,"Cable One Arm Biceps Curl ",,13.500,8,,,NORMAL_SET
PULL,"2025-12-10 10:51:49",01:07:49,"Cable One Arm Biceps Curl ",,10.500,12,,,NORMAL_SET
PULL,"2025-12-10 10:51:49",01:07:49,"Cable One Arm Biceps Curl ",,10.500,12,,,NORMAL_SET
PULL,"2025-12-10 10:51:49",01:07:49,"Hammer Curl",,12.000,12,,,NORMAL_SET
PULL,"2025-12-10 10:51:49",01:07:49,"Hammer Curl",,12.000,12,,,NORMAL_SET
PULL,"2025-12-10 10:51:49",01:07:49,"Lever Seated Reverse Fly",,17.500,12,,,NORMAL_SET
PULL,"2025-12-10 10:51:49",01:07:49,"Lever Seated Reverse Fly",,17.500,9,,,NORMAL_SET
PULL,"2025-12-10 10:51:49",01:07:49,"Lever Seated Reverse Fly",,17.500,9,,,NORMAL_SET
PUSH,"2025-12-09 10:47:35",01:21:34,"Lever Incline Chest Press",,80.000,12,,,NORMAL_SET
PUSH,"2025-12-09 10:47:35",01:21:34,"Lever Incline Chest Press",,80.000,8,,,NORMAL_SET
PUSH,"2025-12-09 10:47:35",01:21:34,"Lever Incline Chest Press",,80.000,6,,,NORMAL_SET
PUSH,"2025-12-09 10:47:35",01:21:34,"Lever Chest Press",,55.000,11,,,NORMAL_SET
PUSH,"2025-12-09 10:47:35",01:21:34,"Lever Chest Press",,55.000,7,,,NORMAL_SET
PUSH,"2025-12-09 10:47:35",01:21:34,"Lever Chest Press",,55.000,9,,,NORMAL_SET
PUSH,"2025-12-09 10:47:35",01:21:34,"Lever Decline Chest Press",,70.000,9,,,NORMAL_SET
PUSH,"2025-12-09 10:47:35",01:21:34,"Lever Decline Chest Press",,60.000,10,,,NORMAL_SET
PUSH,"2025-12-09 10:47:35",01:21:34,"Lever Decline Chest Press",,60.000,10,,,NORMAL_SET
PUSH,"2025-12-09 10:47:35",01:21:34,"Lever Shoulder Press",,60.000,10,,,NORMAL_SET
PUSH,"2025-12-09 10:47:35",01:21:34,"Lever Shoulder Press",,60.000,8,,,NORMAL_SET
PUSH,"2025-12-09 10:47:35",01:21:34,"Lever Shoulder Press",,60.000,7,,,NORMAL_SET
PUSH,"2025-12-09 10:47:35",01:21:34,"Lever Lateral Raise",1,27.500,10,,,NORMAL_SET
PUSH,"2025-12-09 10:47:35",01:21:34,"Lever Lateral Raise",1,27.500,10,,,NORMAL_SET
PUSH,"2025-12-09 10:47:35",01:21:34,"Lever Lateral Raise",1,27.500,10,,,NORMAL_SET
PUSH,"2025-12-09 10:47:35",01:21:34,"Lever Lateral Raise",1,17.500,10,,,NORMAL_SET
PUSH,"2025-12-09 10:47:35",01:21:34,"Lever Lateral Raise",1,17.500,10,,,NORMAL_SET
PUSH,"2025-12-09 10:47:35",01:21:34,"Lever Lateral Raise",1,17.500,10,,,NORMAL_SET
PUSH,"2025-12-09 10:47:35",01:21:34,"Lever Lateral Raise",1,12.500,10,,,NORMAL_SET
PUSH,"2025-12-09 10:47:35",01:21:34,"Lever Lateral Raise",1,12.500,10,,,NORMAL_SET
PUSH,"2025-12-09 10:47:35",01:21:34,"Lever Lateral Raise",1,12.500,10,,,NORMAL_SET
PUSH,"2025-12-09 10:47:35",01:21:34,"Cable One Arm High Pulley Overhead Tricep Extension",,22.500,12,,,NORMAL_SET
PUSH,"2025-12-09 10:47:35",01:21:34,"Cable One Arm High Pulley Overhead Tricep Extension",,22.500,11,,,NORMAL_SET
PUSH,"2025-12-09 10:47:35",01:21:34,"Cable One Arm High Pulley Overhead Tricep Extension",,22.500,11,,,NORMAL_SET
PUSH,"2025-12-09 10:47:35",01:21:34,"Triceps Pushdown",,27.500,11,,,NORMAL_SET
PUSH,"2025-12-09 10:47:35",01:21:34,"Triceps Pushdown",,27.500,11,,,NORMAL_SET
PUSH,"2025-12-09 10:47:35",01:21:34,"Triceps Pushdown",,25.000,17,,,NORMAL_SET
"LEG ","2025-12-08 12:29:15",01:02:59,"Lever Belt Squat",,120.000,12,,,NORMAL_SET
"LEG ","2025-12-08 12:29:15",01:02:59,"Lever Belt Squat",,120.000,12,,,NORMAL_SET
"LEG ","2025-12-08 12:29:15",01:02:59,"Lever Belt Squat",,120.000,12,,,NORMAL_SET
"LEG ","2025-12-08 12:29:15",01:02:59,"Lever Belt Squat",,120.000,8,,,NORMAL_SET
"LEG ","2025-12-08 12:29:15",01:02:59,"Lever Lying Leg Curl",,30.000,12,,,NORMAL_SET
"LEG ","2025-12-08 12:29:15",01:02:59,"Lever Lying Leg Curl",,30.000,10,,,NORMAL_SET
"LEG ","2025-12-08 12:29:15",01:02:59,"Lever Lying Leg Curl",,30.000,10,,,NORMAL_SET
"LEG ","2025-12-08 12:29:15",01:02:59,"Romanian Deadlift",,70.000,12,,,NORMAL_SET
"LEG ","2025-12-08 12:29:15",01:02:59,"Romanian Deadlift",,70.000,7,,,NORMAL_SET
"LEG ","2025-12-08 12:29:15",01:02:59,"Romanian Deadlift",,70.000,7,,,NORMAL_SET
"LEG ","2025-12-08 12:29:15",01:02:59,"Romanian Deadlift",,70.000,8,,,NORMAL_SET
"LEG ","2025-12-08 12:29:15",01:02:59,"Lever Seated Hip Adduction ",,60.000,11,,,NORMAL_SET
"LEG ","2025-12-08 12:29:15",01:02:59,"Lever Seated Hip Adduction ",,60.000,8,,,NORMAL_SET
"LEG ","2025-12-08 12:29:15",01:02:59,"Lever Seated Hip Adduction ",,55.000,12,,,NORMAL_SET
PULL,"2025-12-05 15:01:16",01:09:21,Pull-up,,0.000,8,,,NORMAL_SET
PULL,"2025-12-05 15:01:16",01:09:21,Pull-up,,0.000,6,,,NORMAL_SET
PULL,"2025-12-05 15:01:16",01:09:21,Pull-up,,0.000,5,,,NORMAL_SET
PULL,"2025-12-05 15:01:16",01:09:21,"Lever One Arm Low Row ",,80.000,11,,,NORMAL_SET
PULL,"2025-12-05 15:01:16",01:09:21,"Lever One Arm Low Row ",,80.000,11,,,NORMAL_SET
PULL,"2025-12-05 15:01:16",01:09:21,"Lever One Arm Low Row ",,80.000,10,,,NORMAL_SET
PULL,"2025-12-05 15:01:16",01:09:21,"Lever Lying T-bar Row",,47.500,11,,,NORMAL_SET
PULL,"2025-12-05 15:01:16",01:09:21,"Lever Lying T-bar Row",,45.000,12,,,NORMAL_SET
PULL,"2025-12-05 15:01:16",01:09:21,"Lever Lying T-bar Row",,45.000,11,,,NORMAL_SET
PULL,"2025-12-05 15:01:16",01:09:21,"Lever Lying T-bar Row",,45.000,14,,,NORMAL_SET
PULL,"2025-12-05 15:01:16",01:09:21,"Cable Standing Lat Pushdown ",,25.000,12,,,NORMAL_SET
PULL,"2025-12-05 15:01:16",01:09:21,"Cable Standing Lat Pushdown ",,25.000,11,,,NORMAL_SET
PULL,"2025-12-05 15:01:16",01:09:21,"Cable One Arm Biceps Curl ",,10.500,12,,,NORMAL_SET
PULL,"2025-12-05 15:01:16",01:09:21,"Cable One Arm Biceps Curl ",,10.500,12,,,NORMAL_SET
PULL,"2025-12-05 15:01:16",01:09:21,"Cable One Arm Biceps Curl ",,10.500,12,,,NORMAL_SET
PULL,"2025-12-05 15:01:16",01:09:21,"Hammer Curl",,12.000,11,,,NORMAL_SET
PULL,"2025-12-05 15:01:16",01:09:21,"Hammer Curl",,12.000,10,,,NORMAL_SET
PULL,"2025-12-05 15:01:16",01:09:21,"Lever Seated Reverse Fly",,17.500,10,,,NORMAL_SET
PULL,"2025-12-05 15:01:16",01:09:21,"Lever Seated Reverse Fly",,17.500,9,,,NORMAL_SET
PULL,"2025-12-05 15:01:16",01:09:21,"Lever Seated Reverse Fly",,17.500,9,,,NORMAL_SET
PUSH,"2025-12-04 15:29:04",01:12:57,"Lever Incline Chest Press",,80.000,12,,,NORMAL_SET
PUSH,"2025-12-04 15:29:04",01:12:57,"Lever Incline Chest Press",,80.000,9,,,NORMAL_SET
PUSH,"2025-12-04 15:29:04",01:12:57,"Lever Incline Chest Press",,80.000,7,,,NORMAL_SET
PUSH,"2025-12-04 15:29:04",01:12:57,"Lever Chest Press",,55.000,8,,,NORMAL_SET
PUSH,"2025-12-04 15:29:04",01:12:57,"Lever Chest Press",,55.000,7,,,NORMAL_SET
PUSH,"2025-12-04 15:29:04",01:12:57,"Lever Chest Press",,55.000,8,,,NORMAL_SET
PUSH,"2025-12-04 15:29:04",01:12:57,"Lever Decline Chest Press",,70.000,11,,,NORMAL_SET
PUSH,"2025-12-04 15:29:04",01:12:57,"Lever Decline Chest Press",,70.000,10,,,NORMAL_SET
PUSH,"2025-12-04 15:29:04",01:12:57,"Lever Decline Chest Press",,70.000,10,,,NORMAL_SET
PUSH,"2025-12-04 15:29:04",01:12:57,"Lever Shoulder Press",,60.000,10,,,NORMAL_SET
PUSH,"2025-12-04 15:29:04",01:12:57,"Lever Shoulder Press",,60.000,10,,,NORMAL_SET
PUSH,"2025-12-04 15:29:04",01:12:57,"Lever Shoulder Press",,60.000,9,,,NORMAL_SET
PUSH,"2025-12-04 15:29:04",01:12:57,"Lever Shoulder Press",,57.500,12,,,NORMAL_SET
PUSH,"2025-12-04 15:29:04",01:12:57,"Lever Lateral Raise",1,27.500,10,,,NORMAL_SET
PUSH,"2025-12-04 15:29:04",01:12:57,"Lever Lateral Raise",1,27.500,10,,,NORMAL_SET
PUSH,"2025-12-04 15:29:04",01:12:57,"Lever Lateral Raise",1,27.500,10,,,NORMAL_SET
PUSH,"2025-12-04 15:29:04",01:12:57,"Lever Lateral Raise",1,17.500,10,,,NORMAL_SET
PUSH,"2025-12-04 15:29:04",01:12:57,"Lever Lateral Raise",1,17.500,10,,,NORMAL_SET
PUSH,"2025-12-04 15:29:04",01:12:57,"Lever Lateral Raise",1,17.500,10,,,NORMAL_SET
PUSH,"2025-12-04 15:29:04",01:12:57,"Lever Lateral Raise",1,12.500,10,,,NORMAL_SET
PUSH,"2025-12-04 15:29:04",01:12:57,"Lever Lateral Raise",1,12.500,10,,,NORMAL_SET
PUSH,"2025-12-04 15:29:04",01:12:57,"Lever Lateral Raise",1,12.500,10,,,NORMAL_SET
PUSH,"2025-12-04 15:29:04",01:12:57,"Cable One Arm High Pulley Overhead Tricep Extension",,20.000,12,,,NORMAL_SET
PUSH,"2025-12-04 15:29:04",01:12:57,"Cable One Arm High Pulley Overhead Tricep Extension",,22.500,11,,,NORMAL_SET
PUSH,"2025-12-04 15:29:04",01:12:57,"Cable One Arm High Pulley Overhead Tricep Extension",,22.500,10,,,NORMAL_SET
PUSH,"2025-12-04 15:29:04",01:12:57,"Triceps Pushdown",,27.500,10,,,NORMAL_SET
PUSH,"2025-12-04 15:29:04",01:12:57,"Triceps Pushdown",,27.500,11,,,NORMAL_SET
PUSH,"2025-12-04 15:29:04",01:12:57,"Triceps Pushdown",,25.000,18,,,NORMAL_SET
PULL,"2025-12-03 15:24:00",01:14:32,Pull-up,,0.000,8,,,NORMAL_SET
PULL,"2025-12-03 15:24:00",01:14:32,Pull-up,,0.000,6,,,NORMAL_SET
PULL,"2025-12-03 15:24:00",01:14:32,Pull-up,,0.000,6,,,NORMAL_SET
PULL,"2025-12-03 15:24:00",01:14:32,"Lever One Arm Low Row ",,80.000,12,,,NORMAL_SET
PULL,"2025-12-03 15:24:00",01:14:32,"Lever One Arm Low Row ",,80.000,10,,,NORMAL_SET
PULL,"2025-12-03 15:24:00",01:14:32,"Lever One Arm Low Row ",,80.000,11,,,NORMAL_SET
PULL,"2025-12-03 15:24:00",01:14:32,"Lever Lying T-bar Row",,45.000,12,,,NORMAL_SET
PULL,"2025-12-03 15:24:00",01:14:32,"Lever Lying T-bar Row",,45.000,12,,,NORMAL_SET
PULL,"2025-12-03 15:24:00",01:14:32,"Lever Lying T-bar Row",,45.000,13,,,NORMAL_SET
PULL,"2025-12-03 15:24:00",01:14:32,"Lever Lying T-bar Row",,45.000,12,,,NORMAL_SET
PULL,"2025-12-03 15:24:00",01:14:32,"Cable Standing Lat Pushdown ",,25.000,10,,,NORMAL_SET
PULL,"2025-12-03 15:24:00",01:14:32,"Cable Standing Lat Pushdown ",,25.000,9,,,NORMAL_SET
PULL,"2025-12-03 15:24:00",01:14:32,"Cable One Arm Biceps Curl ",,10.000,12,,,NORMAL_SET
PULL,"2025-12-03 15:24:00",01:14:32,"Cable One Arm Biceps Curl ",,12.500,8,,,NORMAL_SET
PULL,"2025-12-03 15:24:00",01:14:32,"Cable One Arm Biceps Curl ",,10.000,10,,,NORMAL_SET
PULL,"2025-12-03 15:24:00",01:14:32,"Hammer Curl",,12.000,12,,,NORMAL_SET
PULL,"2025-12-03 15:24:00",01:14:32,"Hammer Curl",,12.000,12,,,NORMAL_SET
PULL,"2025-12-03 15:24:00",01:14:32,"Lever Seated Reverse Fly",,17.500,12,,,NORMAL_SET
PULL,"2025-12-03 15:24:00",01:14:32,"Lever Seated Reverse Fly",,17.500,11,,,NORMAL_SET
PULL,"2025-12-03 15:24:00",01:14:32,"Lever Seated Reverse Fly",,17.500,9,,,NORMAL_SET
PUSH,"2025-12-02 15:23:25",01:13:04,"Lever Incline Chest Press",,80.000,10,,,NORMAL_SET
PUSH,"2025-12-02 15:23:25",01:13:04,"Lever Incline Chest Press",,80.000,8,,,NORMAL_SET
PUSH,"2025-12-02 15:23:25",01:13:04,"Lever Incline Chest Press",,80.000,6,,,NORMAL_SET
PUSH,"2025-12-02 15:23:25",01:13:04,"Lever Chest Press",,60.000,8,,,NORMAL_SET
PUSH,"2025-12-02 15:23:25",01:13:04,"Lever Chest Press",,55.000,7,,,NORMAL_SET
PUSH,"2025-12-02 15:23:25",01:13:04,"Lever Chest Press",,55.000,7,,,NORMAL_SET
PUSH,"2025-12-02 15:23:25",01:13:04,"Lever Decline Chest Press",,70.000,11,,,NORMAL_SET
PUSH,"2025-12-02 15:23:25",01:13:04,"Lever Decline Chest Press",,70.000,10,,,NORMAL_SET
PUSH,"2025-12-02 15:23:25",01:13:04,"Lever Decline Chest Press",,70.000,11,,,NORMAL_SET
PUSH,"2025-12-02 15:23:25",01:13:04,"Lever Shoulder Press",,60.000,11,,,NORMAL_SET
PUSH,"2025-12-02 15:23:25",01:13:04,"Lever Shoulder Press",,60.000,8,,,NORMAL_SET
PUSH,"2025-12-02 15:23:25",01:13:04,"Lever Shoulder Press",,60.000,8,,,NORMAL_SET
PUSH,"2025-12-02 15:23:25",01:13:04,"Lever Shoulder Press",,60.000,8,,,NORMAL_SET
PUSH,"2025-12-02 15:23:25",01:13:04,"Lever Lateral Raise",1,27.500,10,,,NORMAL_SET
PUSH,"2025-12-02 15:23:25",01:13:04,"Lever Lateral Raise",1,27.500,10,,,NORMAL_SET
PUSH,"2025-12-02 15:23:25",01:13:04,"Lever Lateral Raise",1,27.500,10,,,NORMAL_SET
PUSH,"2025-12-02 15:23:25",01:13:04,"Lever Lateral Raise",1,17.500,10,,,NORMAL_SET
PUSH,"2025-12-02 15:23:25",01:13:04,"Lever Lateral Raise",1,17.500,10,,,NORMAL_SET
PUSH,"2025-12-02 15:23:25",01:13:04,"Lever Lateral Raise",1,17.500,10,,,NORMAL_SET
PUSH,"2025-12-02 15:23:25",01:13:04,"Lever Lateral Raise",1,12.500,10,,,NORMAL_SET
PUSH,"2025-12-02 15:23:25",01:13:04,"Lever Lateral Raise",1,12.500,10,,,NORMAL_SET
PUSH,"2025-12-02 15:23:25",01:13:04,"Lever Lateral Raise",1,12.500,10,,,NORMAL_SET
PUSH,"2025-12-02 15:23:25",01:13:04,"Cable One Arm High Pulley Overhead Tricep Extension",,20.000,10,,,NORMAL_SET
PUSH,"2025-12-02 15:23:25",01:13:04,"Cable One Arm High Pulley Overhead Tricep Extension",,20.000,11,,,NORMAL_SET
PUSH,"2025-12-02 15:23:25",01:13:04,"Cable One Arm High Pulley Overhead Tricep Extension",,20.000,12,,,NORMAL_SET
PUSH,"2025-12-02 15:23:25",01:13:04,"Triceps Pushdown",,27.500,11,,,NORMAL_SET
PUSH,"2025-12-02 15:23:25",01:13:04,"Triceps Pushdown",,27.500,10,,,NORMAL_SET
PUSH,"2025-12-02 15:23:25",01:13:04,"Triceps Pushdown",,27.500,11,,,NORMAL_SET
"LEG ","2025-12-01 18:00:24",00:56:04,"Lever Belt Squat",,120.000,11,,,NORMAL_SET
"LEG ","2025-12-01 18:00:24",00:56:04,"Lever Belt Squat",,120.000,7,,,NORMAL_SET
"LEG ","2025-12-01 18:00:24",00:56:04,"Lever Belt Squat",,120.000,5,,,NORMAL_SET
"LEG ","2025-12-01 18:00:24",00:56:04,"Lever Belt Squat",,80.000,12,,,NORMAL_SET
"LEG ","2025-12-01 18:00:24",00:56:04,"Lever Lying Leg Curl",,30.000,12,,,NORMAL_SET
"LEG ","2025-12-01 18:00:24",00:56:04,"Lever Lying Leg Curl",,30.000,11,,,NORMAL_SET
"LEG ","2025-12-01 18:00:24",00:56:04,"Lever Lying Leg Curl",,30.000,9,,,NORMAL_SET
"LEG ","2025-12-01 18:00:24",00:56:04,"Romanian Deadlift",,80.000,8,,,NORMAL_SET
"LEG ","2025-12-01 18:00:24",00:56:04,"Romanian Deadlift",,80.000,7,,,NORMAL_SET
"LEG ","2025-12-01 18:00:24",00:56:04,"Romanian Deadlift",,80.000,7,,,NORMAL_SET
"LEG ","2025-12-01 18:00:24",00:56:04,"Romanian Deadlift",,80.000,6,,,NORMAL_SET
"LEG ","2025-12-01 18:00:24",00:56:04,"Lever Seated Hip Adduction ",,60.000,10,,,NORMAL_SET
"LEG ","2025-12-01 18:00:24",00:56:04,"Lever Seated Hip Adduction ",,60.000,9,,,NORMAL_SET
"LEG ","2025-12-01 18:00:24",00:56:04,"Lever Seated Hip Adduction ",,60.000,11,,,NORMAL_SET
PULL,"2025-11-28 15:26:28",01:07:21,Pull-up,,0.000,8,,,NORMAL_SET
PULL,"2025-11-28 15:26:28",01:07:21,Pull-up,,0.000,6,,,NORMAL_SET
PULL,"2025-11-28 15:26:28",01:07:21,Pull-up,,0.000,6,,,NORMAL_SET
PULL,"2025-11-28 15:26:28",01:07:21,"Lever One Arm Low Row ",,80.000,11,,,NORMAL_SET
PULL,"2025-11-28 15:26:28",01:07:21,"Lever One Arm Low Row ",,80.000,10,,,NORMAL_SET
PULL,"2025-11-28 15:26:28",01:07:21,"Lever One Arm Low Row ",,80.000,9,,,NORMAL_SET
PULL,"2025-11-28 15:26:28",01:07:21,"Lever Lying T-bar Row",,50.000,11,,,NORMAL_SET
PULL,"2025-11-28 15:26:28",01:07:21,"Lever Lying T-bar Row",,45.000,13,,,NORMAL_SET
PULL,"2025-11-28 15:26:28",01:07:21,"Lever Lying T-bar Row",,45.000,13,,,NORMAL_SET
PULL,"2025-11-28 15:26:28",01:07:21,"Lever Lying T-bar Row",,45.000,14,,,NORMAL_SET
PULL,"2025-11-28 15:26:28",01:07:21,"Cable Standing Lat Pushdown ",,27.500,10,,,NORMAL_SET
PULL,"2025-11-28 15:26:28",01:07:21,"Cable Standing Lat Pushdown ",,27.500,13,,,NORMAL_SET
PULL,"2025-11-28 15:26:28",01:07:21,"Cable One Arm Biceps Curl ",,9.000,12,,,NORMAL_SET
PULL,"2025-11-28 15:26:28",01:07:21,"Cable One Arm Biceps Curl ",,10.500,12,,,NORMAL_SET
PULL,"2025-11-28 15:26:28",01:07:21,"Cable One Arm Biceps Curl ",,10.500,12,,,NORMAL_SET
PULL,"2025-11-28 15:26:28",01:07:21,"Hammer Curl",,12.000,12,,,NORMAL_SET
PULL,"2025-11-28 15:26:28",01:07:21,"Hammer Curl",,12.000,10,,,NORMAL_SET
PULL,"2025-11-28 15:26:28",01:07:21,"Lever Seated Reverse Fly",,17.500,11,,,NORMAL_SET
PULL,"2025-11-28 15:26:28",01:07:21,"Lever Seated Reverse Fly",,17.500,10,,,NORMAL_SET
PULL,"2025-11-28 15:26:28",01:07:21,"Lever Seated Reverse Fly",,17.500,10,,,NORMAL_SET
PUSH,"2025-11-27 15:29:49",01:14:16,"Lever Incline Chest Press",,80.000,10,,,NORMAL_SET
PUSH,"2025-11-27 15:29:49",01:14:16,"Lever Incline Chest Press",,80.000,9,,,NORMAL_SET
PUSH,"2025-11-27 15:29:49",01:14:16,"Lever Incline Chest Press",,80.000,8,,,NORMAL_SET
PUSH,"2025-11-27 15:29:49",01:14:16,"Lever Chest Press",,50.000,9,,,NORMAL_SET
PUSH,"2025-11-27 15:29:49",01:14:16,"Lever Chest Press",,50.000,8,,,NORMAL_SET
PUSH,"2025-11-27 15:29:49",01:14:16,"Lever Chest Press",,50.000,8,,,NORMAL_SET
PUSH,"2025-11-27 15:29:49",01:14:16,"Lever Decline Chest Press",,70.000,10,,,NORMAL_SET
PUSH,"2025-11-27 15:29:49",01:14:16,"Lever Decline Chest Press",,70.000,10,,,NORMAL_SET
PUSH,"2025-11-27 15:29:49",01:14:16,"Lever Decline Chest Press",,70.000,9,,,NORMAL_SET
PUSH,"2025-11-27 15:29:49",01:14:16,"Lever Shoulder Press",,60.000,10,,,NORMAL_SET
PUSH,"2025-11-27 15:29:49",01:14:16,"Lever Shoulder Press",,60.000,9,,,NORMAL_SET
PUSH,"2025-11-27 15:29:49",01:14:16,"Lever Shoulder Press",,60.000,6,,,NORMAL_SET
PUSH,"2025-11-27 15:29:49",01:14:16,"Lever Shoulder Press",,40.000,14,,,NORMAL_SET
PUSH,"2025-11-27 15:29:49",01:14:16,"Lever Lateral Raise",1,27.500,10,,,NORMAL_SET
PUSH,"2025-11-27 15:29:49",01:14:16,"Lever Lateral Raise",1,27.500,10,,,NORMAL_SET
PUSH,"2025-11-27 15:29:49",01:14:16,"Lever Lateral Raise",1,27.500,10,,,NORMAL_SET
PUSH,"2025-11-27 15:29:49",01:14:16,"Lever Lateral Raise",1,17.500,10,,,NORMAL_SET
PUSH,"2025-11-27 15:29:49",01:14:16,"Lever Lateral Raise",1,17.500,10,,,NORMAL_SET
PUSH,"2025-11-27 15:29:49",01:14:16,"Lever Lateral Raise",1,17.500,10,,,NORMAL_SET
PUSH,"2025-11-27 15:29:49",01:14:16,"Lever Lateral Raise",1,12.500,10,,,NORMAL_SET
PUSH,"2025-11-27 15:29:49",01:14:16,"Lever Lateral Raise",1,12.500,10,,,NORMAL_SET
PUSH,"2025-11-27 15:29:49",01:14:16,"Lever Lateral Raise",1,12.500,10,,,NORMAL_SET
PUSH,"2025-11-27 15:29:49",01:14:16,"Cable One Arm High Pulley Overhead Tricep Extension",,20.000,11,,,NORMAL_SET
PUSH,"2025-11-27 15:29:49",01:14:16,"Cable One Arm High Pulley Overhead Tricep Extension",,20.000,10,,,NORMAL_SET
PUSH,"2025-11-27 15:29:49",01:14:16,"Cable One Arm High Pulley Overhead Tricep Extension",,20.000,10,,,NORMAL_SET
PUSH,"2025-11-27 15:29:49",01:14:16,"Triceps Pushdown",,27.500,9,,,NORMAL_SET
PUSH,"2025-11-27 15:29:49",01:14:16,"Triceps Pushdown",,27.500,10,,,NORMAL_SET
PUSH,"2025-11-27 15:29:49",01:14:16,"Triceps Pushdown",,27.500,11,,,NORMAL_SET
"LEG ","2025-11-26 15:31:02",00:54:21,"Lever Belt Squat",,100.000,12,,,NORMAL_SET
"LEG ","2025-11-26 15:31:02",00:54:21,"Lever Belt Squat",,100.000,13,,,NORMAL_SET
"LEG ","2025-11-26 15:31:02",00:54:21,"Lever Belt Squat",,120.000,12,,,NORMAL_SET
"LEG ","2025-11-26 15:31:02",00:54:21,"Lever Belt Squat",,120.000,8,,,NORMAL_SET
"LEG ","2025-11-26 15:31:02",00:54:21,"Lever Lying Leg Curl",,27.500,13,,,NORMAL_SET
"LEG ","2025-11-26 15:31:02",00:54:21,"Lever Lying Leg Curl",,27.500,12,,,NORMAL_SET
"LEG ","2025-11-26 15:31:02",00:54:21,"Lever Lying Leg Curl",,30.000,10,,,NORMAL_SET
"LEG ","2025-11-26 15:31:02",00:54:21,"Romanian Deadlift",,75.000,10,,,NORMAL_SET
"LEG ","2025-11-26 15:31:02",00:54:21,"Romanian Deadlift",,75.000,7,,,NORMAL_SET
"LEG ","2025-11-26 15:31:02",00:54:21,"Romanian Deadlift",,75.000,7,,,NORMAL_SET
"LEG ","2025-11-26 15:31:02",00:54:21,"Romanian Deadlift",,75.000,8,,,NORMAL_SET
"LEG ","2025-11-26 15:31:02",00:54:21,"Lever Hip Thrust ",,80.000,9,,,NORMAL_SET
"LEG ","2025-11-26 15:31:02",00:54:21,"Lever Hip Thrust ",,80.000,9,,,NORMAL_SET
"LEG ","2025-11-26 15:31:02",00:54:21,"Lever Hip Thrust ",,80.000,7,,,NORMAL_SET
PULL,"2025-11-25 15:52:02",01:15:31,Pull-up,,0.000,7,,,NORMAL_SET
PULL,"2025-11-25 15:52:02",01:15:31,Pull-up,,0.000,5,,,NORMAL_SET
PULL,"2025-11-25 15:52:02",01:15:31,Pull-up,,0.000,6,,,NORMAL_SET
PULL,"2025-11-25 15:52:02",01:15:31,"Lever One Arm Low Row ",,80.000,11,,,NORMAL_SET
PULL,"2025-11-25 15:52:02",01:15:31,"Lever One Arm Low Row ",,80.000,10,,,NORMAL_SET
PULL,"2025-11-25 15:52:02",01:15:31,"Lever One Arm Low Row ",,80.000,10,,,NORMAL_SET
PULL,"2025-11-25 15:52:02",01:15:31,"Lever Lying T-bar Row",,50.000,12,,,NORMAL_SET
PULL,"2025-11-25 15:52:02",01:15:31,"Lever Lying T-bar Row",,45.000,12,,,NORMAL_SET
PULL,"2025-11-25 15:52:02",01:15:31,"Lever Lying T-bar Row",,45.000,12,,,NORMAL_SET
PULL,"2025-11-25 15:52:02",01:15:31,"Lever Lying T-bar Row",,45.000,11,,,NORMAL_SET
PULL,"2025-11-25 15:52:02",01:15:31,"Cable Standing Lat Pushdown ",,27.000,12,,,NORMAL_SET
PULL,"2025-11-25 15:52:02",01:15:31,"Cable Standing Lat Pushdown ",,27.000,11,,,NORMAL_SET
PULL,"2025-11-25 15:52:02",01:15:31,"Cable One Arm Biceps Curl ",,10.500,7,,,NORMAL_SET
PULL,"2025-11-25 15:52:02",01:15:31,"Cable One Arm Biceps Curl ",,9.000,9,,,NORMAL_SET
PULL,"2025-11-25 15:52:02",01:15:31,"Cable One Arm Biceps Curl ",,9.000,8,,,NORMAL_SET
PULL,"2025-11-25 15:52:02",01:15:31,"Hammer Curl",,12.000,12,,,NORMAL_SET
PULL,"2025-11-25 15:52:02",01:15:31,"Hammer Curl",,12.000,11,,,NORMAL_SET
PULL,"2025-11-25 15:52:02",01:15:31,"Lever Seated Reverse Fly",,17.500,9,,,NORMAL_SET
PULL,"2025-11-25 15:52:02",01:15:31,"Lever Seated Reverse Fly",,17.500,8,,,NORMAL_SET
PULL,"2025-11-25 15:52:02",01:15:31,"Lever Seated Reverse Fly",,17.500,8,,,NORMAL_SET
PUSH,"2025-11-24 15:28:26",01:15:50,"Lever Incline Chest Press",,80.000,11,,,NORMAL_SET
PUSH,"2025-11-24 15:28:26",01:15:50,"Lever Incline Chest Press",,80.000,8,,,NORMAL_SET
PUSH,"2025-11-24 15:28:26",01:15:50,"Lever Incline Chest Press",,80.000,6,,,NORMAL_SET
PUSH,"2025-11-24 15:28:26",01:15:50,"Lever Chest Press",,50.000,9,,,NORMAL_SET
PUSH,"2025-11-24 15:28:26",01:15:50,"Lever Chest Press",,50.000,8,,,NORMAL_SET
PUSH,"2025-11-24 15:28:26",01:15:50,"Lever Chest Press",,50.000,7,,,NORMAL_SET
PUSH,"2025-11-24 15:28:26",01:15:50,"Lever Decline Chest Press",,70.000,10,,,NORMAL_SET
PUSH,"2025-11-24 15:28:26",01:15:50,"Lever Decline Chest Press",,70.000,10,,,NORMAL_SET
PUSH,"2025-11-24 15:28:26",01:15:50,"Lever Decline Chest Press",,70.000,9,,,NORMAL_SET
PUSH,"2025-11-24 15:28:26",01:15:50,"Lever Shoulder Press",,60.000,12,,,NORMAL_SET
PUSH,"2025-11-24 15:28:26",01:15:50,"Lever Shoulder Press",,60.000,10,,,NORMAL_SET
PUSH,"2025-11-24 15:28:26",01:15:50,"Lever Shoulder Press",,60.000,7,,,NORMAL_SET
PUSH,"2025-11-24 15:28:26",01:15:50,"Lever Shoulder Press",,60.000,8,,,NORMAL_SET
PUSH,"2025-11-24 15:28:26",01:15:50,"Lever Lateral Raise",1,27.500,10,,,NORMAL_SET
PUSH,"2025-11-24 15:28:26",01:15:50,"Lever Lateral Raise",1,27.500,10,,,NORMAL_SET
PUSH,"2025-11-24 15:28:26",01:15:50,"Lever Lateral Raise",1,25.000,10,,,NORMAL_SET
PUSH,"2025-11-24 15:28:26",01:15:50,"Lever Lateral Raise",1,17.500,10,,,NORMAL_SET
PUSH,"2025-11-24 15:28:26",01:15:50,"Lever Lateral Raise",1,17.500,10,,,NORMAL_SET
PUSH,"2025-11-24 15:28:26",01:15:50,"Lever Lateral Raise",1,15.000,10,,,NORMAL_SET
PUSH,"2025-11-24 15:28:26",01:15:50,"Lever Lateral Raise",1,12.500,10,,,NORMAL_SET
PUSH,"2025-11-24 15:28:26",01:15:50,"Lever Lateral Raise",1,12.500,8,,,NORMAL_SET
PUSH,"2025-11-24 15:28:26",01:15:50,"Lever Lateral Raise",1,10.000,10,,,NORMAL_SET
PUSH,"2025-11-24 15:28:26",01:15:50,"Cable One Arm High Pulley Overhead Tricep Extension",,20.000,11,,,NORMAL_SET
PUSH,"2025-11-24 15:28:26",01:15:50,"Cable One Arm High Pulley Overhead Tricep Extension",,20.000,10,,,NORMAL_SET
PUSH,"2025-11-24 15:28:26",01:15:50,"Cable One Arm High Pulley Overhead Tricep Extension",,20.000,10,,,NORMAL_SET
PUSH,"2025-11-24 15:28:26",01:15:50,"Triceps Pushdown",,27.500,12,,,NORMAL_SET
PUSH,"2025-11-24 15:28:26",01:15:50,"Triceps Pushdown",,27.500,11,,,NORMAL_SET
PUSH,"2025-11-24 15:28:26",01:15:50,"Triceps Pushdown",,27.500,9,,,NORMAL_SET
PULL,"2025-11-21 15:20:23",01:09:35,Pull-up,,0.000,8,,,NORMAL_SET
PULL,"2025-11-21 15:20:23",01:09:35,Pull-up,,0.000,6,,,NORMAL_SET
PULL,"2025-11-21 15:20:23",01:09:35,Pull-up,,0.000,5,,,NORMAL_SET
PULL,"2025-11-21 15:20:23",01:09:35,"Lever One Arm Low Row ",,80.000,10,,,NORMAL_SET
PULL,"2025-11-21 15:20:23",01:09:35,"Lever One Arm Low Row ",,80.000,9,,,NORMAL_SET
PULL,"2025-11-21 15:20:23",01:09:35,"Lever One Arm Low Row ",,80.000,9,,,NORMAL_SET
PULL,"2025-11-21 15:20:23",01:09:35,"Lever Lying T-bar Row",,45.000,12,,,NORMAL_SET
PULL,"2025-11-21 15:20:23",01:09:35,"Lever Lying T-bar Row",,45.000,11,,,NORMAL_SET
PULL,"2025-11-21 15:20:23",01:09:35,"Lever Lying T-bar Row",,45.000,12,,,NORMAL_SET
PULL,"2025-11-21 15:20:23",01:09:35,"Lever Lying T-bar Row",,45.000,12,,,NORMAL_SET
PULL,"2025-11-21 15:20:23",01:09:35,"Cable Standing Lat Pushdown ",,27.000,11,,,NORMAL_SET
PULL,"2025-11-21 15:20:23",01:09:35,"Cable Standing Lat Pushdown ",,27.000,10,,,NORMAL_SET
PULL,"2025-11-21 15:20:23",01:09:35,"Cable One Arm Biceps Curl ",,10.000,10,,,NORMAL_SET
PULL,"2025-11-21 15:20:23",01:09:35,"Cable One Arm Biceps Curl ",,10.000,10,,,NORMAL_SET
PULL,"2025-11-21 15:20:23",01:09:35,"Cable One Arm Biceps Curl ",,10.000,10,,,NORMAL_SET
PULL,"2025-11-21 15:20:23",01:09:35,"Hammer Curl",,12.000,12,,,NORMAL_SET
PULL,"2025-11-21 15:20:23",01:09:35,"Hammer Curl",,12.000,11,,,NORMAL_SET
PULL,"2025-11-21 15:20:23",01:09:35,"Lever Seated Reverse Fly",,17.500,11,,,NORMAL_SET
PULL,"2025-11-21 15:20:23",01:09:35,"Lever Seated Reverse Fly",,17.500,8,,,NORMAL_SET
PULL,"2025-11-21 15:20:23",01:09:35,"Lever Seated Reverse Fly",,17.500,8,,,NORMAL_SET
PUSH,"2025-11-20 15:39:15",01:16:59,"Lever Incline Chest Press",,80.000,11,,,NORMAL_SET
PUSH,"2025-11-20 15:39:15",01:16:59,"Lever Incline Chest Press",,80.000,8,,,NORMAL_SET
PUSH,"2025-11-20 15:39:15",01:16:59,"Lever Incline Chest Press",,80.000,7,,,NORMAL_SET
PUSH,"2025-11-20 15:39:15",01:16:59,"Lever Chest Press",,50.000,9,,,NORMAL_SET
PUSH,"2025-11-20 15:39:15",01:16:59,"Lever Chest Press",,50.000,8,,,NORMAL_SET
PUSH,"2025-11-20 15:39:15",01:16:59,"Lever Chest Press",,50.000,8,,,NORMAL_SET
PUSH,"2025-11-20 15:39:15",01:16:59,"Lever Decline Chest Press",,60.000,12,,,NORMAL_SET
PUSH,"2025-11-20 15:39:15",01:16:59,"Lever Decline Chest Press",,70.000,11,,,NORMAL_SET
PUSH,"2025-11-20 15:39:15",01:16:59,"Lever Decline Chest Press",,70.000,10,,,NORMAL_SET
PUSH,"2025-11-20 15:39:15",01:16:59,"Lever Shoulder Press",,60.000,10,,,NORMAL_SET
PUSH,"2025-11-20 15:39:15",01:16:59,"Lever Shoulder Press",,60.000,10,,,NORMAL_SET
PUSH,"2025-11-20 15:39:15",01:16:59,"Lever Shoulder Press",,60.000,8,,,NORMAL_SET
PUSH,"2025-11-20 15:39:15",01:16:59,"Lever Shoulder Press",,60.000,6,,,NORMAL_SET
PUSH,"2025-11-20 15:39:15",01:16:59,"Lever Lateral Raise",1,27.500,10,,,NORMAL_SET
PUSH,"2025-11-20 15:39:15",01:16:59,"Lever Lateral Raise",1,27.500,10,,,NORMAL_SET
PUSH,"2025-11-20 15:39:15",01:16:59,"Lever Lateral Raise",1,27.500,10,,,NORMAL_SET
PUSH,"2025-11-20 15:39:15",01:16:59,"Lever Lateral Raise",1,17.500,10,,,NORMAL_SET
PUSH,"2025-11-20 15:39:15",01:16:59,"Lever Lateral Raise",1,17.500,9,,,NORMAL_SET
PUSH,"2025-11-20 15:39:15",01:16:59,"Lever Lateral Raise",1,17.500,10,,,NORMAL_SET
PUSH,"2025-11-20 15:39:15",01:16:59,"Lever Lateral Raise",1,12.500,10,,,NORMAL_SET
PUSH,"2025-11-20 15:39:15",01:16:59,"Lever Lateral Raise",1,12.500,10,,,NORMAL_SET
PUSH,"2025-11-20 15:39:15",01:16:59,"Lever Lateral Raise",1,12.500,10,,,NORMAL_SET
PUSH,"2025-11-20 15:39:15",01:16:59,"Cable One Arm High Pulley Overhead Tricep Extension",,20.000,12,,,NORMAL_SET
PUSH,"2025-11-20 15:39:15",01:16:59,"Cable One Arm High Pulley Overhead Tricep Extension",,20.000,10,,,NORMAL_SET
PUSH,"2025-11-20 15:39:15",01:16:59,"Cable One Arm High Pulley Overhead Tricep Extension",,20.000,10,,,NORMAL_SET
PUSH,"2025-11-20 15:39:15",01:16:59,"Triceps Pushdown",,27.500,10,,,NORMAL_SET
PUSH,"2025-11-20 15:39:15",01:16:59,"Triceps Pushdown",,27.500,9,,,NORMAL_SET
PUSH,"2025-11-20 15:39:15",01:16:59,"Triceps Pushdown",,27.500,10,,,NORMAL_SET
"LEG ","2025-11-19 15:23:29",01:02:31,"Lever Belt Squat",,100.000,12,,,NORMAL_SET
"LEG ","2025-11-19 15:23:29",01:02:31,"Lever Belt Squat",,100.000,9,,,NORMAL_SET
"LEG ","2025-11-19 15:23:29",01:02:31,"Lever Belt Squat",,100.000,8,,,NORMAL_SET
"LEG ","2025-11-19 15:23:29",01:02:31,"Lever Belt Squat",,100.000,8,,,NORMAL_SET
"LEG ","2025-11-19 15:23:29",01:02:31,"Lever Lying Leg Curl",,27.500,12,,,NORMAL_SET
"LEG ","2025-11-19 15:23:29",01:02:31,"Lever Lying Leg Curl",,27.500,11,,,NORMAL_SET
"LEG ","2025-11-19 15:23:29",01:02:31,"Lever Lying Leg Curl",,27.500,12,,,NORMAL_SET
"LEG ","2025-11-19 15:23:29",01:02:31,"Romanian Deadlift",,60.000,10,,,NORMAL_SET
"LEG ","2025-11-19 15:23:29",01:02:31,"Romanian Deadlift",,60.000,8,,,NORMAL_SET
"LEG ","2025-11-19 15:23:29",01:02:31,"Romanian Deadlift",,60.000,9,,,NORMAL_SET
"LEG ","2025-11-19 15:23:29",01:02:31,"Romanian Deadlift",,60.000,8,,,NORMAL_SET
"LEG ","2025-11-19 15:23:29",01:02:31,"Lever Hip Thrust ",,80.000,10,,,NORMAL_SET
"LEG ","2025-11-19 15:23:29",01:02:31,"Lever Hip Thrust ",,80.000,8,,,NORMAL_SET
"LEG ","2025-11-19 15:23:29",01:02:31,"Lever Hip Thrust ",,80.000,8,,,NORMAL_SET
PULL,"2025-11-18 15:38:32",01:08:23,Pull-up,,0.000,8,,,NORMAL_SET
PULL,"2025-11-18 15:38:32",01:08:23,Pull-up,,0.000,6,,,NORMAL_SET
PULL,"2025-11-18 15:38:32",01:08:23,Pull-up,,0.000,5,,,NORMAL_SET
PULL,"2025-11-18 15:38:32",01:08:23,"Lever One Arm Low Row ",,80.000,10,,,NORMAL_SET
PULL,"2025-11-18 15:38:32",01:08:23,"Lever One Arm Low Row ",,80.000,8,,,NORMAL_SET
PULL,"2025-11-18 15:38:32",01:08:23,"Lever One Arm Low Row ",,80.000,9,,,NORMAL_SET
PULL,"2025-11-18 15:38:32",01:08:23,"Lever Lying T-bar Row",,40.000,12,,,NORMAL_SET
PULL,"2025-11-18 15:38:32",01:08:23,"Lever Lying T-bar Row",,50.000,10,,,NORMAL_SET
PULL,"2025-11-18 15:38:32",01:08:23,"Lever Lying T-bar Row",,40.000,12,,,NORMAL_SET
PULL,"2025-11-18 15:38:32",01:08:23,"Lever Lying T-bar Row",,40.000,11,,,NORMAL_SET
PULL,"2025-11-18 15:38:32",01:08:23,"Cable Standing Lat Pushdown ",,27.000,9,,,NORMAL_SET
PULL,"2025-11-18 15:38:32",01:08:23,"Cable Standing Lat Pushdown ",,24.000,10,,,NORMAL_SET
PULL,"2025-11-18 15:38:32",01:08:23,"Cable One Arm Biceps Curl ",,10.000,10,,,NORMAL_SET
PULL,"2025-11-18 15:38:32",01:08:23,"Cable One Arm Biceps Curl ",,10.000,9,,,NORMAL_SET
PULL,"2025-11-18 15:38:32",01:08:23,"Cable One Arm Biceps Curl ",,10.000,10,,,NORMAL_SET
PULL,"2025-11-18 15:38:32",01:08:23,"Hammer Curl",,12.000,12,,,NORMAL_SET
PULL,"2025-11-18 15:38:32",01:08:23,"Hammer Curl",,12.000,12,,,NORMAL_SET
PULL,"2025-11-18 15:38:32",01:08:23,"Lever Seated Reverse Fly",,17.500,11,,,NORMAL_SET
PULL,"2025-11-18 15:38:32",01:08:23,"Lever Seated Reverse Fly",,17.500,9,,,NORMAL_SET
PULL,"2025-11-18 15:38:32",01:08:23,"Lever Seated Reverse Fly",,17.500,8,,,NORMAL_SET
PUSH,"2025-11-17 15:17:27",00:49:41,"Lever Incline Chest Press",,80.000,12,,,NORMAL_SET
PUSH,"2025-11-17 15:17:27",00:49:41,"Lever Incline Chest Press",,80.000,8,,,NORMAL_SET
PUSH,"2025-11-17 15:17:27",00:49:41,"Lever Incline Chest Press",,80.000,6,,,NORMAL_SET
PUSH,"2025-11-17 15:17:27",00:49:41,"Lever Chest Press",,50.000,9,,,NORMAL_SET
PUSH,"2025-11-17 15:17:27",00:49:41,"Lever Chest Press",,50.000,8,,,NORMAL_SET
PUSH,"2025-11-17 15:17:27",00:49:41,"Lever Chest Press",,50.000,8,,,NORMAL_SET
PUSH,"2025-11-17 15:17:27",00:49:41,"Lever Decline Chest Press",,60.000,12,,,NORMAL_SET
PUSH,"2025-11-17 15:17:27",00:49:41,"Lever Decline Chest Press",,70.000,12,,,NORMAL_SET
PUSH,"2025-11-17 15:17:27",00:49:41,"Lever Decline Chest Press",,70.000,12,,,NORMAL_SET
PUSH,"2025-11-17 15:17:27",00:49:41,"Lever Shoulder Press",,50.000,12,,,NORMAL_SET
PUSH,"2025-11-17 15:17:27",00:49:41,"Lever Shoulder Press",,60.000,11,,,NORMAL_SET
PUSH,"2025-11-17 15:17:27",00:49:41,"Lever Shoulder Press",,50.000,8,,,NORMAL_SET
PUSH,"2025-11-17 15:17:27",00:49:41,"Lever Lateral Raise",1,27.500,10,,,NORMAL_SET
PUSH,"2025-11-17 15:17:27",00:49:41,"Lever Lateral Raise",1,27.500,10,,,NORMAL_SET
PUSH,"2025-11-17 15:17:27",00:49:41,"Lever Lateral Raise",1,25.000,10,,,NORMAL_SET
PUSH,"2025-11-17 15:17:27",00:49:41,"Lever Lateral Raise",1,17.500,10,,,NORMAL_SET
PUSH,"2025-11-17 15:17:27",00:49:41,"Lever Lateral Raise",1,17.500,9,,,NORMAL_SET
PUSH,"2025-11-17 15:17:27",00:49:41,"Lever Lateral Raise",1,15.000,9,,,NORMAL_SET
PUSH,"2025-11-17 15:17:27",00:49:41,"Lever Lateral Raise",1,12.500,10,,,NORMAL_SET
PUSH,"2025-11-17 15:17:27",00:49:41,"Lever Lateral Raise",1,12.500,10,,,NORMAL_SET
PUSH,"2025-11-17 15:17:27",00:49:41,"Lever Lateral Raise",1,10.000,10,,,NORMAL_SET
PULL,"2025-11-14 15:24:57",01:08:59,Pull-up,,0.000,7,,,NORMAL_SET
PULL,"2025-11-14 15:24:57",01:08:59,Pull-up,,0.000,7,,,NORMAL_SET
PULL,"2025-11-14 15:24:57",01:08:59,Pull-up,,0.000,6,,,NORMAL_SET
PULL,"2025-11-14 15:24:57",01:08:59,"Lever One Arm Low Row ",,80.000,10,,,NORMAL_SET
PULL,"2025-11-14 15:24:57",01:08:59,"Lever One Arm Low Row ",,80.000,9,,,NORMAL_SET
PULL,"2025-11-14 15:24:57",01:08:59,"Lever One Arm Low Row ",,80.000,8,,,NORMAL_SET
PULL,"2025-11-14 15:24:57",01:08:59,"Lever Lying T-bar Row",,40.000,12,,,NORMAL_SET
PULL,"2025-11-14 15:24:57",01:08:59,"Lever Lying T-bar Row",,40.000,12,,,NORMAL_SET
PULL,"2025-11-14 15:24:57",01:08:59,"Lever Lying T-bar Row",,50.000,11,,,NORMAL_SET
PULL,"2025-11-14 15:24:57",01:08:59,"Lever Lying T-bar Row",,50.000,11,,,NORMAL_SET
PULL,"2025-11-14 15:24:57",01:08:59,"Cable Standing Lat Pushdown ",,25.000,10,,,NORMAL_SET
PULL,"2025-11-14 15:24:57",01:08:59,"Cable Standing Lat Pushdown ",,25.000,10,,,NORMAL_SET
PULL,"2025-11-14 15:24:57",01:08:59,"Cable One Arm Biceps Curl ",,7.500,13,,,NORMAL_SET
PULL,"2025-11-14 15:24:57",01:08:59,"Cable One Arm Biceps Curl ",,10.000,10,,,NORMAL_SET
PULL,"2025-11-14 15:24:57",01:08:59,"Cable One Arm Biceps Curl ",,10.000,9,,,NORMAL_SET
PULL,"2025-11-14 15:24:57",01:08:59,"Hammer Curl",,12.000,11,,,NORMAL_SET
PULL,"2025-11-14 15:24:57",01:08:59,"Hammer Curl",,12.000,10,,,NORMAL_SET
PULL,"2025-11-14 15:24:57",01:08:59,"Lever Seated Reverse Fly",,15.000,12,,,NORMAL_SET
PULL,"2025-11-14 15:24:57",01:08:59,"Lever Seated Reverse Fly",,15.000,12,,,NORMAL_SET
PULL,"2025-11-14 15:24:57",01:08:59,"Lever Seated Reverse Fly",,17.500,7,,,NORMAL_SET
PUSH,"2025-11-13 15:32:53",01:07:41,"Lever Incline Chest Press",,80.000,11,,,NORMAL_SET
PUSH,"2025-11-13 15:32:53",01:07:41,"Lever Incline Chest Press",,80.000,7,,,NORMAL_SET
PUSH,"2025-11-13 15:32:53",01:07:41,"Lever Incline Chest Press",,80.000,5,,,NORMAL_SET
PUSH,"2025-11-13 15:32:53",01:07:41,"Lever Chest Press",,50.000,9,,,NORMAL_SET
PUSH,"2025-11-13 15:32:53",01:07:41,"Lever Chest Press",,50.000,8,,,NORMAL_SET
PUSH,"2025-11-13 15:32:53",01:07:41,"Lever Chest Press",,50.000,8,,,NORMAL_SET
PUSH,"2025-11-13 15:32:53",01:07:41,"Lever Decline Chest Press",,60.000,12,,,NORMAL_SET
PUSH,"2025-11-13 15:32:53",01:07:41,"Lever Decline Chest Press",,60.000,10,,,NORMAL_SET
PUSH,"2025-11-13 15:32:53",01:07:41,"Lever Decline Chest Press",,60.000,11,,,NORMAL_SET
PUSH,"2025-11-13 15:32:53",01:07:41,"Lever Shoulder Press",,50.000,12,,,NORMAL_SET
PUSH,"2025-11-13 15:32:53",01:07:41,"Lever Shoulder Press",,50.000,11,,,NORMAL_SET
PUSH,"2025-11-13 15:32:53",01:07:41,"Lever Shoulder Press",,50.000,8,,,NORMAL_SET
PUSH,"2025-11-13 15:32:53",01:07:41,"Lever Shoulder Press",,40.000,12,,,NORMAL_SET
PUSH,"2025-11-13 15:32:53",01:07:41,"Lever Lateral Raise",1,25.000,10,,,NORMAL_SET
PUSH,"2025-11-13 15:32:53",01:07:41,"Lever Lateral Raise",1,27.500,8,,,NORMAL_SET
PUSH,"2025-11-13 15:32:53",01:07:41,"Lever Lateral Raise",1,25.000,10,,,NORMAL_SET
PUSH,"2025-11-13 15:32:53",01:07:41,"Lever Lateral Raise",1,17.500,10,,,NORMAL_SET
PUSH,"2025-11-13 15:32:53",01:07:41,"Lever Lateral Raise",1,17.500,9,,,NORMAL_SET
PUSH,"2025-11-13 15:32:53",01:07:41,"Lever Lateral Raise",1,15.000,10,,,NORMAL_SET
PUSH,"2025-11-13 15:32:53",01:07:41,"Lever Lateral Raise",1,12.500,10,,,NORMAL_SET
PUSH,"2025-11-13 15:32:53",01:07:41,"Lever Lateral Raise",1,12.500,8,,,NORMAL_SET
PUSH,"2025-11-13 15:32:53",01:07:41,"Lever Lateral Raise",1,10.000,10,,,NORMAL_SET
PUSH,"2025-11-13 15:32:53",01:07:41,"Triceps Pushdown",,25.000,12,,,NORMAL_SET
PUSH,"2025-11-13 15:32:53",01:07:41,"Triceps Pushdown",,30.000,8,,,NORMAL_SET
PUSH,"2025-11-13 15:32:53",01:07:41,"Triceps Pushdown",,27.500,11,,,NORMAL_SET
PUSH,"2025-11-13 15:32:53",01:07:41,"Cable One Arm High Pulley Overhead Tricep Extension",,20.000,10,,,NORMAL_SET
PUSH,"2025-11-13 15:32:53",01:07:41,"Cable One Arm High Pulley Overhead Tricep Extension",,20.000,9,,,NORMAL_SET
PUSH,"2025-11-13 15:32:53",01:07:41,"Cable One Arm High Pulley Overhead Tricep Extension",,20.000,10,,,NORMAL_SET
PULL,"2025-11-12 17:42:29",01:18:29,Pull-up,,0.000,8,,,NORMAL_SET
PULL,"2025-11-12 17:42:29",01:18:29,Pull-up,,0.000,7,,,NORMAL_SET
PULL,"2025-11-12 17:42:29",01:18:29,Pull-up,,0.000,6,,,NORMAL_SET
PULL,"2025-11-12 17:42:29",01:18:29,"Lever One Arm Low Row ",,80.000,10,,,NORMAL_SET
PULL,"2025-11-12 17:42:29",01:18:29,"Lever One Arm Low Row ",,80.000,9,,,NORMAL_SET
PULL,"2025-11-12 17:42:29",01:18:29,"Lever One Arm Low Row ",,80.000,9,,,NORMAL_SET
PULL,"2025-11-12 17:42:29",01:18:29,"Lever Lying T-bar Row",,30.000,12,,,NORMAL_SET
PULL,"2025-11-12 17:42:29",01:18:29,"Lever Lying T-bar Row",,40.000,11,,,NORMAL_SET
PULL,"2025-11-12 17:42:29",01:18:29,"Lever Lying T-bar Row",,40.000,11,,,NORMAL_SET
PULL,"2025-11-12 17:42:29",01:18:29,"Lever Lying T-bar Row",,40.000,11,,,NORMAL_SET
PULL,"2025-11-12 17:42:29",01:18:29,"Cable Standing Lat Pushdown ",,30.000,8,,,NORMAL_SET
PULL,"2025-11-12 17:42:29",01:18:29,"Cable Standing Lat Pushdown ",,25.000,12,,,NORMAL_SET
PULL,"2025-11-12 17:42:29",01:18:29,"Lever Seated Reverse Fly",,15.000,9,,,NORMAL_SET
PULL,"2025-11-12 17:42:29",01:18:29,"Lever Seated Reverse Fly",,15.000,8,,,NORMAL_SET
PULL,"2025-11-12 17:42:29",01:18:29,"Lever Seated Reverse Fly",,15.000,10,,,NORMAL_SET
PULL,"2025-11-12 17:42:29",01:18:29,"Cable One Arm Biceps Curl ",,7.500,11,,,NORMAL_SET
PULL,"2025-11-12 17:42:29",01:18:29,"Cable One Arm Biceps Curl ",,7.500,12,,,NORMAL_SET
PULL,"2025-11-12 17:42:29",01:18:29,"Cable One Arm Biceps Curl ",,7.500,12,,,NORMAL_SET
PULL,"2025-11-12 17:42:29",01:18:29,"Hammer Curl",,12.000,12,,,NORMAL_SET
PULL,"2025-11-12 17:42:29",01:18:29,"Hammer Curl",,12.000,11,,,NORMAL_SET
PUSH,"2025-11-10 11:02:50",01:16:07,"Lever Incline Chest Press",,80.000,12,,,NORMAL_SET
PUSH,"2025-11-10 11:02:50",01:16:07,"Lever Incline Chest Press",,80.000,8,,,NORMAL_SET
PUSH,"2025-11-10 11:02:50",01:16:07,"Lever Incline Chest Press",,80.000,6,,,NORMAL_SET
PUSH,"2025-11-10 11:02:50",01:16:07,"Lever Chest Press",,50.000,8,,,NORMAL_SET
PUSH,"2025-11-10 11:02:50",01:16:07,"Lever Chest Press",,50.000,8,,,NORMAL_SET
PUSH,"2025-11-10 11:02:50",01:16:07,"Lever Chest Press",,50.000,10,,,NORMAL_SET
PUSH,"2025-11-10 11:02:50",01:16:07,"Lever Decline Chest Press",,70.000,7,,,NORMAL_SET
PUSH,"2025-11-10 11:02:50",01:16:07,"Lever Decline Chest Press",,60.000,11,,,NORMAL_SET
PUSH,"2025-11-10 11:02:50",01:16:07,"Lever Decline Chest Press",,60.000,10,,,NORMAL_SET
PUSH,"2025-11-10 11:02:50",01:16:07,"Lever Shoulder Press",,50.000,13,,,NORMAL_SET
PUSH,"2025-11-10 11:02:50",01:16:07,"Lever Shoulder Press",,50.000,10,,,NORMAL_SET
PUSH,"2025-11-10 11:02:50",01:16:07,"Lever Shoulder Press",,50.000,10,,,NORMAL_SET
PUSH,"2025-11-10 11:02:50",01:16:07,"Lever Shoulder Press",,50.000,9,,,NORMAL_SET
PUSH,"2025-11-10 11:02:50",01:16:07,"Lever Lateral Raise",1,27.500,10,,,NORMAL_SET
PUSH,"2025-11-10 11:02:50",01:16:07,"Lever Lateral Raise",1,27.500,10,,,NORMAL_SET
PUSH,"2025-11-10 11:02:50",01:16:07,"Lever Lateral Raise",1,25.000,10,,,NORMAL_SET
PUSH,"2025-11-10 11:02:50",01:16:07,"Lever Lateral Raise",1,17.500,10,,,NORMAL_SET
PUSH,"2025-11-10 11:02:50",01:16:07,"Lever Lateral Raise",1,17.500,9,,,NORMAL_SET
PUSH,"2025-11-10 11:02:50",01:16:07,"Lever Lateral Raise",1,15.000,9,,,NORMAL_SET
PUSH,"2025-11-10 11:02:50",01:16:07,"Lever Lateral Raise",1,12.500,10,,,NORMAL_SET
PUSH,"2025-11-10 11:02:50",01:16:07,"Lever Lateral Raise",1,12.500,8,,,NORMAL_SET
PUSH,"2025-11-10 11:02:50",01:16:07,"Lever Lateral Raise",1,10.000,9,,,NORMAL_SET
PUSH,"2025-11-10 11:02:50",01:16:07,"Cable One Arm High Pulley Overhead Tricep Extension",,20.000,10,,,NORMAL_SET
PUSH,"2025-11-10 11:02:50",01:16:07,"Cable One Arm High Pulley Overhead Tricep Extension",,20.000,11,,,NORMAL_SET
PUSH,"2025-11-10 11:02:50",01:16:07,"Cable One Arm High Pulley Overhead Tricep Extension",,20.000,10,,,NORMAL_SET
PUSH,"2025-11-10 11:02:50",01:16:07,"Triceps Pushdown",,30.000,8,,,NORMAL_SET
PUSH,"2025-11-10 11:02:50",01:16:07,"Triceps Pushdown",,30.000,8,,,NORMAL_SET
PUSH,"2025-11-10 11:02:50",01:16:07,"Triceps Pushdown",,24.000,10,,,NORMAL_SET
PULL,"2025-11-07 15:07:20",01:29:57,Pull-up,,0.000,8,,,NORMAL_SET
PULL,"2025-11-07 15:07:20",01:29:57,Pull-up,,0.000,7,,,NORMAL_SET
PULL,"2025-11-07 15:07:20",01:29:57,Pull-up,,0.000,6,,,NORMAL_SET
PULL,"2025-11-07 15:07:20",01:29:57,"Lever One Arm Low Row ",,80.000,11,,,NORMAL_SET
PULL,"2025-11-07 15:07:20",01:29:57,"Lever One Arm Low Row ",,80.000,10,,,NORMAL_SET
PULL,"2025-11-07 15:07:20",01:29:57,"Lever One Arm Low Row ",,80.000,9,,,NORMAL_SET
PULL,"2025-11-07 15:07:20",01:29:57,"Lever Lying T-bar Row",,40.000,11,,,NORMAL_SET
PULL,"2025-11-07 15:07:20",01:29:57,"Lever Lying T-bar Row",,40.000,11,,,NORMAL_SET
PULL,"2025-11-07 15:07:20",01:29:57,"Lever Lying T-bar Row",,40.000,8,,,NORMAL_SET
PULL,"2025-11-07 15:07:20",01:29:57,"Lever Lying T-bar Row",,30.000,12,,,NORMAL_SET
PULL,"2025-11-07 15:07:20",01:29:57,"Lever Pronated Grip Seated Row (plate loaded)",,60.000,12,,,NORMAL_SET
PULL,"2025-11-07 15:07:20",01:29:57,"Lever Pronated Grip Seated Row (plate loaded)",,70.000,13,,,NORMAL_SET
PULL,"2025-11-07 15:07:20",01:29:57,"Cable Standing Lat Pushdown ",,24.000,12,,,NORMAL_SET
PULL,"2025-11-07 15:07:20",01:29:57,"Cable Standing Lat Pushdown ",,24.000,10,,,NORMAL_SET
PULL,"2025-11-07 15:07:20",01:29:57,"Lever Seated Reverse Fly",,15.000,11,,,NORMAL_SET
PULL,"2025-11-07 15:07:20",01:29:57,"Lever Seated Reverse Fly",,15.000,8,,,NORMAL_SET
PULL,"2025-11-07 15:07:20",01:29:57,"Lever Seated Reverse Fly",,15.000,10,,,NORMAL_SET
PULL,"2025-11-07 15:07:20",01:29:57,"Dumbbell Incline Curl ",,10.000,12,,,NORMAL_SET
PULL,"2025-11-07 15:07:20",01:29:57,"Dumbbell Incline Curl ",,12.000,11,,,NORMAL_SET
PULL,"2025-11-07 15:07:20",01:29:57,"Dumbbell Incline Curl ",,12.000,8,,,NORMAL_SET
PULL,"2025-11-07 15:07:20",01:29:57,"Close Grip Curl",,15.000,13,,,NORMAL_SET
PULL,"2025-11-07 15:07:20",01:29:57,"Close Grip Curl",,15.000,11,,,NORMAL_SET
PULL,"2025-11-07 15:07:20",01:29:57,"Close Grip Curl",,15.000,10,,,NORMAL_SET
PULL,"2025-11-07 15:07:20",01:29:57,"Hammer Curl",,8.000,8,,,NORMAL_SET
PULL,"2025-11-07 15:07:20",01:29:57,"Hammer Curl",,10.000,12,,,NORMAL_SET
PUSH,"2025-11-06 16:47:04",01:19:20,"Lever Incline Chest Press",,80.000,12,,,NORMAL_SET
PUSH,"2025-11-06 16:47:04",01:19:20,"Lever Incline Chest Press",,80.000,9,,,NORMAL_SET
PUSH,"2025-11-06 16:47:04",01:19:20,"Lever Incline Chest Press",,80.000,6,,,NORMAL_SET
PUSH,"2025-11-06 16:47:04",01:19:20,"Lever Chest Press",,50.000,10,,,NORMAL_SET
PUSH,"2025-11-06 16:47:04",01:19:20,"Lever Chest Press",,50.000,8,,,NORMAL_SET
PUSH,"2025-11-06 16:47:04",01:19:20,"Lever Chest Press",,50.000,7,,,NORMAL_SET
PUSH,"2025-11-06 16:47:04",01:19:20,"Lever Decline Chest Press",,70.000,9,,,NORMAL_SET
PUSH,"2025-11-06 16:47:04",01:19:20,"Lever Decline Chest Press",,70.000,9,,,NORMAL_SET
PUSH,"2025-11-06 16:47:04",01:19:20,"Lever Decline Chest Press",,70.000,8,,,NORMAL_SET
PUSH,"2025-11-06 16:47:04",01:19:20,"Lever Shoulder Press",,50.000,13,,,NORMAL_SET
PUSH,"2025-11-06 16:47:04",01:19:20,"Lever Shoulder Press",,50.000,10,,,NORMAL_SET
PUSH,"2025-11-06 16:47:04",01:19:20,"Lever Shoulder Press",,50.000,8,,,NORMAL_SET
PUSH,"2025-11-06 16:47:04",01:19:20,"Lever Shoulder Press",,50.000,8,,,NORMAL_SET
PUSH,"2025-11-06 16:47:04",01:19:20,"Lever Lateral Raise",1,27.500,10,,,NORMAL_SET
PUSH,"2025-11-06 16:47:04",01:19:20,"Lever Lateral Raise",1,27.500,10,,,NORMAL_SET
PUSH,"2025-11-06 16:47:04",01:19:20,"Lever Lateral Raise",1,27.500,10,,,NORMAL_SET
PUSH,"2025-11-06 16:47:04",01:19:20,"Lever Lateral Raise",1,17.500,10,,,NORMAL_SET
PUSH,"2025-11-06 16:47:04",01:19:20,"Lever Lateral Raise",1,17.500,9,,,NORMAL_SET
PUSH,"2025-11-06 16:47:04",01:19:20,"Lever Lateral Raise",1,17.500,10,,,NORMAL_SET
PUSH,"2025-11-06 16:47:04",01:19:20,"Lever Lateral Raise",1,12.500,10,,,NORMAL_SET
PUSH,"2025-11-06 16:47:04",01:19:20,"Lever Lateral Raise",1,12.500,10,,,NORMAL_SET
PUSH,"2025-11-06 16:47:04",01:19:20,"Lever Lateral Raise",1,12.500,12,,,NORMAL_SET
PUSH,"2025-11-06 16:47:04",01:19:20,"Cable One Arm High Pulley Overhead Tricep Extension",,20.000,12,,,NORMAL_SET
PUSH,"2025-11-06 16:47:04",01:19:20,"Cable One Arm High Pulley Overhead Tricep Extension",,20.000,12,,,NORMAL_SET
PUSH,"2025-11-06 16:47:04",01:19:20,"Cable One Arm High Pulley Overhead Tricep Extension",,20.000,11,,,NORMAL_SET
PUSH,"2025-11-06 16:47:04",01:19:20,"Triceps Pushdown",,25.000,12,,,NORMAL_SET
PUSH,"2025-11-06 16:47:04",01:19:20,"Triceps Pushdown",,30.000,9,,,NORMAL_SET
PUSH,"2025-11-06 16:47:04",01:19:20,"Triceps Pushdown",,30.000,8,,,NORMAL_SET
PUSH,"2025-11-06 16:47:04",01:19:20,"Cable Single Arm Triceps Pushdown (Rope Attachment)",,7.500,11,,,NORMAL_SET
PUSH,"2025-11-06 16:47:04",01:19:20,"Cable Single Arm Triceps Pushdown (Rope Attachment)",,7.500,11,,,NORMAL_SET
"LEG ","2025-11-05 15:35:37",01:04:00,"Lever Belt Squat",,100.000,12,,,NORMAL_SET
"LEG ","2025-11-05 15:35:37",01:04:00,"Lever Belt Squat",,100.000,12,,,NORMAL_SET
"LEG ","2025-11-05 15:35:37",01:04:00,"Lever Belt Squat",,100.000,12,,,NORMAL_SET
"LEG ","2025-11-05 15:35:37",01:04:00,"Lever Belt Squat",,100.000,8,,,NORMAL_SET
"LEG ","2025-11-05 15:35:37",01:04:00,"Lever Lying Leg Curl",,27.500,12,,,NORMAL_SET
"LEG ","2025-11-05 15:35:37",01:04:00,"Lever Lying Leg Curl",,27.500,11,,,NORMAL_SET
"LEG ","2025-11-05 15:35:37",01:04:00,"Lever Lying Leg Curl",,27.500,10,,,NORMAL_SET
"LEG ","2025-11-05 15:35:37",01:04:00,"Romanian Deadlift",,65.000,9,,,NORMAL_SET
"LEG ","2025-11-05 15:35:37",01:04:00,"Romanian Deadlift",,60.000,10,,,NORMAL_SET
"LEG ","2025-11-05 15:35:37",01:04:00,"Romanian Deadlift",,60.000,9,,,NORMAL_SET
"LEG ","2025-11-05 15:35:37",01:04:00,"Romanian Deadlift",,60.000,9,,,NORMAL_SET
"LEG ","2025-11-05 15:35:37",01:04:00,"Lever Hip Thrust ",,80.000,9,,,NORMAL_SET
"LEG ","2025-11-05 15:35:37",01:04:00,"Lever Hip Thrust ",,80.000,9,,,NORMAL_SET
"LEG ","2025-11-05 15:35:37",01:04:00,"Lever Hip Thrust ",,80.000,13,,,NORMAL_SET
PULL,"2025-11-04 15:42:22",01:31:45,Pull-up,,0.000,8,,,NORMAL_SET
PULL,"2025-11-04 15:42:22",01:31:45,Pull-up,,0.000,7,,,NORMAL_SET
PULL,"2025-11-04 15:42:22",01:31:45,Pull-up,,0.000,6,,,NORMAL_SET
PULL,"2025-11-04 15:42:22",01:31:45,"Lever One Arm Low Row ",,80.000,10,,,NORMAL_SET
PULL,"2025-11-04 15:42:22",01:31:45,"Lever One Arm Low Row ",,80.000,9,,,NORMAL_SET
PULL,"2025-11-04 15:42:22",01:31:45,"Lever One Arm Low Row ",,80.000,8,,,NORMAL_SET
PULL,"2025-11-04 15:42:22",01:31:45,"Lever Lying T-bar Row",,40.000,9,,,NORMAL_SET
PULL,"2025-11-04 15:42:22",01:31:45,"Lever Lying T-bar Row",,40.000,8,,,NORMAL_SET
PULL,"2025-11-04 15:42:22",01:31:45,"Lever Lying T-bar Row",,40.000,9,,,NORMAL_SET
PULL,"2025-11-04 15:42:22",01:31:45,"Lever Lying T-bar Row",,40.000,7,,,NORMAL_SET
PULL,"2025-11-04 15:42:22",01:31:45,"Lever Pronated Grip Seated Row (plate loaded)",,70.000,12,,,NORMAL_SET
PULL,"2025-11-04 15:42:22",01:31:45,"Lever Pronated Grip Seated Row (plate loaded)",,70.000,12,,,NORMAL_SET
PULL,"2025-11-04 15:42:22",01:31:45,"Cable Standing Lat Pushdown ",,24.000,12,,,NORMAL_SET
PULL,"2025-11-04 15:42:22",01:31:45,"Cable Standing Lat Pushdown ",,24.000,12,,,NORMAL_SET
PULL,"2025-11-04 15:42:22",01:31:45,"Lever Seated Reverse Fly",,15.000,10,,,NORMAL_SET
PULL,"2025-11-04 15:42:22",01:31:45,"Lever Seated Reverse Fly",,15.000,9,,,NORMAL_SET
PULL,"2025-11-04 15:42:22",01:31:45,"Lever Seated Reverse Fly",,15.000,8,,,NORMAL_SET
PULL,"2025-11-04 15:42:22",01:31:45,"Dumbbell Incline Curl ",,12.000,9,,,NORMAL_SET
PULL,"2025-11-04 15:42:22",01:31:45,"Dumbbell Incline Curl ",,12.000,7,,,NORMAL_SET
PULL,"2025-11-04 15:42:22",01:31:45,"Dumbbell Incline Curl ",,12.000,6,,,NORMAL_SET
PULL,"2025-11-04 15:42:22",01:31:45,"Close Grip Curl",,15.000,11,,,NORMAL_SET
PULL,"2025-11-04 15:42:22",01:31:45,"Close Grip Curl",,15.000,8,,,NORMAL_SET
PULL,"2025-11-04 15:42:22",01:31:45,"Close Grip Curl",,15.000,10,,,NORMAL_SET
PULL,"2025-11-04 15:42:22",01:31:45,"Hammer Curl",,8.000,9,,,NORMAL_SET
PULL,"2025-11-04 15:42:22",01:31:45,"Hammer Curl",,10.000,12,,,NORMAL_SET
PUSH,"2025-11-03 15:08:46",00:58:43,"Lever Incline Chest Press",,80.000,12,,,NORMAL_SET
PUSH,"2025-11-03 15:08:46",00:58:43,"Lever Incline Chest Press",,80.000,8,,,NORMAL_SET
PUSH,"2025-11-03 15:08:46",00:58:43,"Lever Incline Chest Press",,80.000,6,,,NORMAL_SET
PUSH,"2025-11-03 15:08:46",00:58:43,"Lever Chest Press",,50.000,8,,,NORMAL_SET
PUSH,"2025-11-03 15:08:46",00:58:43,"Lever Chest Press",,50.000,7,,,NORMAL_SET
PUSH,"2025-11-03 15:08:46",00:58:43,"Lever Chest Press",,50.000,7,,,NORMAL_SET
PUSH,"2025-11-03 15:08:46",00:58:43,"Lever Shoulder Press",,50.000,12,,,NORMAL_SET
PUSH,"2025-11-03 15:08:46",00:58:43,"Lever Shoulder Press",,50.000,11,,,NORMAL_SET
PUSH,"2025-11-03 15:08:46",00:58:43,"Lever Shoulder Press",,50.000,8,,,NORMAL_SET
PUSH,"2025-11-03 15:08:46",00:58:43,"Lever Shoulder Press",,40.000,13,,,NORMAL_SET
PUSH,"2025-11-03 15:08:46",00:58:43,"Lever Lateral Raise",1,27.500,10,,,NORMAL_SET
PUSH,"2025-11-03 15:08:46",00:58:43,"Lever Lateral Raise",1,27.500,9,,,NORMAL_SET
PUSH,"2025-11-03 15:08:46",00:58:43,"Lever Lateral Raise",1,27.500,9,,,NORMAL_SET
PUSH,"2025-11-03 15:08:46",00:58:43,"Lever Lateral Raise",1,17.500,10,,,NORMAL_SET
PUSH,"2025-11-03 15:08:46",00:58:43,"Lever Lateral Raise",1,17.500,8,,,NORMAL_SET
PUSH,"2025-11-03 15:08:46",00:58:43,"Lever Lateral Raise",1,17.500,7,,,NORMAL_SET
PUSH,"2025-11-03 15:08:46",00:58:43,"Lever Lateral Raise",1,12.500,10,,,NORMAL_SET
PUSH,"2025-11-03 15:08:46",00:58:43,"Lever Lateral Raise",1,12.500,10,,,NORMAL_SET
PUSH,"2025-11-03 15:08:46",00:58:43,"Lever Lateral Raise",1,12.500,9,,,NORMAL_SET
PUSH,"2025-11-03 15:08:46",00:58:43,"Cable One Arm High Pulley Overhead Tricep Extension",,20.000,12,,,NORMAL_SET
PUSH,"2025-11-03 15:08:46",00:58:43,"Cable One Arm High Pulley Overhead Tricep Extension",,20.000,11,,,NORMAL_SET
PUSH,"2025-11-03 15:08:46",00:58:43,"Cable One Arm High Pulley Overhead Tricep Extension",,20.000,9,,,NORMAL_SET
PUSH,"2025-11-03 15:08:46",00:58:43,"Triceps Pushdown",,25.000,12,,,NORMAL_SET
PUSH,"2025-11-03 15:08:46",00:58:43,"Triceps Pushdown",,25.000,11,,,NORMAL_SET
PUSH,"2025-11-03 15:08:46",00:58:43,"Triceps Pushdown",,25.000,11,,,NORMAL_SET
PUSH,"2025-10-30 15:37:26",01:29:38,"Lever Chest Press",,50.000,12,,,NORMAL_SET
PUSH,"2025-10-30 15:37:26",01:29:38,"Lever Chest Press",,50.000,11,,,NORMAL_SET
PUSH,"2025-10-30 15:37:26",01:29:38,"Lever Chest Press",,50.000,7,,,NORMAL_SET
PUSH,"2025-10-30 15:37:26",01:29:38,"Lever Incline Chest Press",,40.000,11,,,NORMAL_SET
PUSH,"2025-10-30 15:37:26",01:29:38,"Lever Incline Chest Press",,70.000,11,,,NORMAL_SET
PUSH,"2025-10-30 15:37:26",01:29:38,"Lever Incline Chest Press",,80.000,6,,,NORMAL_SET
PUSH,"2025-10-30 15:37:26",01:29:38,"Lever Decline Chest Press",,70.000,11,,,NORMAL_SET
PUSH,"2025-10-30 15:37:26",01:29:38,"Lever Decline Chest Press",,70.000,8,,,NORMAL_SET
PUSH,"2025-10-30 15:37:26",01:29:38,"Lever Decline Chest Press",,70.000,8,,,NORMAL_SET
PUSH,"2025-10-30 15:37:26",01:29:38,"Lever Shoulder Press",,50.000,12,,,NORMAL_SET
PUSH,"2025-10-30 15:37:26",01:29:38,"Lever Shoulder Press",,50.000,11,,,NORMAL_SET
PUSH,"2025-10-30 15:37:26",01:29:38,"Lever Shoulder Press",,50.000,7,,,NORMAL_SET
PUSH,"2025-10-30 15:37:26",01:29:38,"Lever Shoulder Press",,45.000,10,,,NORMAL_SET
PUSH,"2025-10-30 15:37:26",01:29:38,"Lever Lateral Raise",1,27.500,12,,,NORMAL_SET
PUSH,"2025-10-30 15:37:26",01:29:38,"Lever Lateral Raise",1,27.500,9,,,NORMAL_SET
PUSH,"2025-10-30 15:37:26",01:29:38,"Lever Lateral Raise",1,25.000,10,,,NORMAL_SET
PUSH,"2025-10-30 15:37:26",01:29:38,"Lever Lateral Raise",1,25.000,10,,,NORMAL_SET
PUSH,"2025-10-30 15:37:26",01:29:38,"Lever Lateral Raise",1,17.500,10,,,NORMAL_SET
PUSH,"2025-10-30 15:37:26",01:29:38,"Lever Lateral Raise",1,15.000,9,,,NORMAL_SET
PUSH,"2025-10-30 15:37:26",01:29:38,"Lever Lateral Raise",1,15.000,9,,,NORMAL_SET
PUSH,"2025-10-30 15:37:26",01:29:38,"Lever Lateral Raise",1,15.000,9,,,NORMAL_SET
PUSH,"2025-10-30 15:37:26",01:29:38,"Lever Lateral Raise",1,12.500,9,,,NORMAL_SET
PUSH,"2025-10-30 15:37:26",01:29:38,"Lever Lateral Raise",1,10.000,9,,,NORMAL_SET
PUSH,"2025-10-30 15:37:26",01:29:38,"Lever Lateral Raise",1,10.000,8,,,NORMAL_SET
PUSH,"2025-10-30 15:37:26",01:29:38,"Lever Lateral Raise",1,10.000,8,,,NORMAL_SET
PUSH,"2025-10-30 15:37:26",01:29:38,"Cable One Arm High Pulley Overhead Tricep Extension",,20.000,10,,,NORMAL_SET
PUSH,"2025-10-30 15:37:26",01:29:38,"Cable One Arm High Pulley Overhead Tricep Extension",,20.000,8,,,NORMAL_SET
PUSH,"2025-10-30 15:37:26",01:29:38,"Cable One Arm High Pulley Overhead Tricep Extension",,20.000,7,,,NORMAL_SET
PUSH,"2025-10-30 15:37:26",01:29:38,"Triceps Pushdown",,25.000,9,,,NORMAL_SET
PUSH,"2025-10-30 15:37:26",01:29:38,"Triceps Pushdown",,25.000,8,,,NORMAL_SET
PUSH,"2025-10-30 15:37:26",01:29:38,"Triceps Pushdown",,25.000,8,,,NORMAL_SET
PUSH,"2025-10-30 15:37:26",01:29:38,"Cable Single Arm Triceps Pushdown (Rope Attachment)",,7.500,8,,,NORMAL_SET
PUSH,"2025-10-30 15:37:26",01:29:38,"Cable Single Arm Triceps Pushdown (Rope Attachment)",,7.500,8,,,NORMAL_SET
"LEG ","2025-10-29 15:50:03",01:06:46,"Lever Belt Squat",,80.000,12,,,NORMAL_SET
"LEG ","2025-10-29 15:50:03",01:06:46,"Lever Belt Squat",,80.000,12,,,NORMAL_SET
"LEG ","2025-10-29 15:50:03",01:06:46,"Lever Belt Squat",,80.000,12,,,NORMAL_SET
"LEG ","2025-10-29 15:50:03",01:06:46,"Lever Belt Squat",,100.000,12,,,NORMAL_SET
"LEG ","2025-10-29 15:50:03",01:06:46,"Romanian Deadlift",,65.000,10,,,NORMAL_SET
"LEG ","2025-10-29 15:50:03",01:06:46,"Romanian Deadlift",,65.000,10,,,NORMAL_SET
"LEG ","2025-10-29 15:50:03",01:06:46,"Romanian Deadlift",,65.000,8,,,NORMAL_SET
"LEG ","2025-10-29 15:50:03",01:06:46,"Romanian Deadlift",,65.000,6,,,NORMAL_SET
"LEG ","2025-10-29 15:50:03",01:06:46,"Lever Lying Leg Curl",,27.500,12,,,NORMAL_SET
"LEG ","2025-10-29 15:50:03",01:06:46,"Lever Lying Leg Curl",,27.500,8,,,NORMAL_SET
"LEG ","2025-10-29 15:50:03",01:06:46,"Lever Lying Leg Curl",,25.000,10,,,NORMAL_SET
"LEG ","2025-10-29 15:50:03",01:06:46,"Lever Hip Thrust ",,80.000,8,,,NORMAL_SET
"LEG ","2025-10-29 15:50:03",01:06:46,"Lever Hip Thrust ",,80.000,9,,,NORMAL_SET
"LEG ","2025-10-29 15:50:03",01:06:46,"Lever Hip Thrust ",,80.000,8,,,NORMAL_SET
PULL,"2025-10-28 15:30:43",01:35:38,Pull-up,,0.000,8,,,NORMAL_SET
PULL,"2025-10-28 15:30:43",01:35:38,Pull-up,,0.000,6,,,NORMAL_SET
PULL,"2025-10-28 15:30:43",01:35:38,Pull-up,,0.000,6,,,NORMAL_SET
PULL,"2025-10-28 15:30:43",01:35:38,"Lever One Arm Low Row ",,80.000,10,,,NORMAL_SET
PULL,"2025-10-28 15:30:43",01:35:38,"Lever One Arm Low Row ",,80.000,9,,,NORMAL_SET
PULL,"2025-10-28 15:30:43",01:35:38,"Lever One Arm Low Row ",,80.000,10,,,NORMAL_SET
PULL,"2025-10-28 15:30:43",01:35:38,"Lever Lying T-bar Row",,40.000,10,,,NORMAL_SET
PULL,"2025-10-28 15:30:43",01:35:38,"Lever Lying T-bar Row",,40.000,10,,,NORMAL_SET
PULL,"2025-10-28 15:30:43",01:35:38,"Lever Lying T-bar Row",,40.000,9,,,NORMAL_SET
PULL,"2025-10-28 15:30:43",01:35:38,"Lever Pronated Grip Seated Row (plate loaded)",,60.000,12,,,NORMAL_SET
PULL,"2025-10-28 15:30:43",01:35:38,"Lever Pronated Grip Seated Row (plate loaded)",,60.000,13,,,NORMAL_SET
PULL,"2025-10-28 15:30:43",01:35:38,"Cable Standing Lat Pushdown ",,24.000,11,,,NORMAL_SET
PULL,"2025-10-28 15:30:43",01:35:38,"Cable Standing Lat Pushdown ",,24.000,11,,,NORMAL_SET
PULL,"2025-10-28 15:30:43",01:35:38,"Lever Seated Reverse Fly",,15.000,8,,,NORMAL_SET
PULL,"2025-10-28 15:30:43",01:35:38,"Lever Seated Reverse Fly",,15.000,8,,,NORMAL_SET
PULL,"2025-10-28 15:30:43",01:35:38,"Lever Seated Reverse Fly",,15.000,9,,,NORMAL_SET
PULL,"2025-10-28 15:30:43",01:35:38,"Lever Seated Reverse Fly",,15.000,8,,,NORMAL_SET
PULL,"2025-10-28 15:30:43",01:35:38,"Dumbbell Incline Curl ",,12.000,9,,,NORMAL_SET
PULL,"2025-10-28 15:30:43",01:35:38,"Dumbbell Incline Curl ",,12.000,7,,,NORMAL_SET
PULL,"2025-10-28 15:30:43",01:35:38,"Dumbbell Incline Curl ",,12.000,6,,,NORMAL_SET
PULL,"2025-10-28 15:30:43",01:35:38,"Close Grip Curl",,15.000,11,,,NORMAL_SET
PULL,"2025-10-28 15:30:43",01:35:38,"Close Grip Curl",,15.000,10,,,NORMAL_SET
PULL,"2025-10-28 15:30:43",01:35:38,"Close Grip Curl",,15.000,10,,,NORMAL_SET
PULL,"2025-10-28 15:30:43",01:35:38,"Hammer Curl",,8.000,9,,,NORMAL_SET
PULL,"2025-10-28 15:30:43",01:35:38,"Hammer Curl",,10.000,12,,,NORMAL_SET
PUSH,"2025-10-27 15:12:53",00:49:44,"Lever Incline Chest Press",,60.000,12,,,NORMAL_SET
PUSH,"2025-10-27 15:12:53",00:49:44,"Lever Incline Chest Press",,80.000,8,,,NORMAL_SET
PUSH,"2025-10-27 15:12:53",00:49:44,"Lever Incline Chest Press",,80.000,5,,,NORMAL_SET
PUSH,"2025-10-27 15:12:53",00:49:44,"Lever Chest Press",,50.000,6,,,NORMAL_SET
PUSH,"2025-10-27 15:12:53",00:49:44,"Lever Chest Press",,50.000,7,,,NORMAL_SET
PUSH,"2025-10-27 15:12:53",00:49:44,"Lever Chest Press",,50.000,6,,,NORMAL_SET
PUSH,"2025-10-27 15:12:53",00:49:44,"Lever Decline Chest Press",,80.000,6,,,NORMAL_SET
PUSH,"2025-10-27 15:12:53",00:49:44,"Lever Decline Chest Press",,80.000,6,,,NORMAL_SET
PUSH,"2025-10-27 15:12:53",00:49:44,"Lever Shoulder Press",,50.000,12,,,NORMAL_SET
PUSH,"2025-10-27 15:12:53",00:49:44,"Lever Shoulder Press",,50.000,10,,,NORMAL_SET
PUSH,"2025-10-27 15:12:53",00:49:44,"Lever Shoulder Press",,50.000,8,,,NORMAL_SET
PUSH,"2025-10-27 15:12:53",00:49:44,"Lever Shoulder Press",,40.000,12,,,NORMAL_SET
PUSH,"2025-10-27 15:12:53",00:49:44,"Lever Lateral Raise",1,27.500,10,,,NORMAL_SET
PUSH,"2025-10-27 15:12:53",00:49:44,"Lever Lateral Raise",1,25.000,10,,,NORMAL_SET
PUSH,"2025-10-27 15:12:53",00:49:44,"Lever Lateral Raise",1,27.500,10,,,NORMAL_SET
PUSH,"2025-10-27 15:12:53",00:49:44,"Lever Lateral Raise",1,17.500,10,,,NORMAL_SET
PUSH,"2025-10-27 15:12:53",00:49:44,"Lever Lateral Raise",1,15.000,8,,,NORMAL_SET
PUSH,"2025-10-27 15:12:53",00:49:44,"Lever Lateral Raise",1,17.500,7,,,NORMAL_SET
PUSH,"2025-10-27 15:12:53",00:49:44,"Lever Lateral Raise",1,12.500,10,,,NORMAL_SET
PUSH,"2025-10-27 15:12:53",00:49:44,"Lever Lateral Raise",1,10.000,8,,,NORMAL_SET
PUSH,"2025-10-27 15:12:53",00:49:44,"Lever Lateral Raise",1,12.500,7,,,NORMAL_SET
"LEG ","2025-10-25 19:07:34",00:55:55,"Lever Belt Squat",,80.000,12,,,NORMAL_SET
"LEG ","2025-10-25 19:07:34",00:55:55,"Lever Belt Squat",,80.000,12,,,NORMAL_SET
"LEG ","2025-10-25 19:07:34",00:55:55,"Lever Belt Squat",,80.000,12,,,NORMAL_SET
"LEG ","2025-10-25 19:07:34",00:55:55,"Lever Belt Squat",,80.000,9,,,NORMAL_SET
"LEG ","2025-10-25 19:07:34",00:55:55,"Romanian Deadlift",,60.000,12,,,NORMAL_SET
"LEG ","2025-10-25 19:07:34",00:55:55,"Romanian Deadlift",,60.000,11,,,NORMAL_SET
"LEG ","2025-10-25 19:07:34",00:55:55,"Romanian Deadlift",,60.000,10,,,NORMAL_SET
"LEG ","2025-10-25 19:07:34",00:55:55,"Romanian Deadlift",,60.000,10,,,NORMAL_SET
"LEG ","2025-10-25 19:07:34",00:55:55,"Lever Lying Leg Curl",,27.500,9,,,NORMAL_SET
"LEG ","2025-10-25 19:07:34",00:55:55,"Lever Lying Leg Curl",,27.500,12,,,NORMAL_SET
"LEG ","2025-10-25 19:07:34",00:55:55,"Lever Lying Leg Curl",,27.500,15,,,NORMAL_SET
"LEG ","2025-10-25 19:07:34",00:55:55,"Lever Hip Thrust ",,100.000,8,,,NORMAL_SET
"LEG ","2025-10-25 19:07:34",00:55:55,"Lever Hip Thrust ",,80.000,6,,,NORMAL_SET
PULL,"2025-10-24 15:15:45",01:26:40,Pull-up,,0.000,8,,,NORMAL_SET
PULL,"2025-10-24 15:15:45",01:26:40,Pull-up,,0.000,7,,,NORMAL_SET
PULL,"2025-10-24 15:15:45",01:26:40,Pull-up,,0.000,6,,,NORMAL_SET
PULL,"2025-10-24 15:15:45",01:26:40,"Lever One Arm Low Row ",,80.000,10,,,NORMAL_SET
PULL,"2025-10-24 15:15:45",01:26:40,"Lever One Arm Low Row ",,90.000,9,,,NORMAL_SET
PULL,"2025-10-24 15:15:45",01:26:40,"Lever One Arm Low Row ",,90.000,8,,,NORMAL_SET
PULL,"2025-10-24 15:15:45",01:26:40,"Lever Lying T-bar Row",,40.000,8,,,NORMAL_SET
PULL,"2025-10-24 15:15:45",01:26:40,"Lever Lying T-bar Row",,40.000,7,,,NORMAL_SET
PULL,"2025-10-24 15:15:45",01:26:40,"Lever Lying T-bar Row",,40.000,7,,,NORMAL_SET
PULL,"2025-10-24 15:15:45",01:26:40,"Lever Pronated Grip Seated Row (plate loaded)",,60.000,8,,,NORMAL_SET
PULL,"2025-10-24 15:15:45",01:26:40,"Lever Pronated Grip Seated Row (plate loaded)",,60.000,10,,,NORMAL_SET
PULL,"2025-10-24 15:15:45",01:26:40,"Cable Standing Lat Pushdown ",,24.000,9,,,NORMAL_SET
PULL,"2025-10-24 15:15:45",01:26:40,"Cable Standing Lat Pushdown ",,21.000,11,,,NORMAL_SET
PULL,"2025-10-24 15:15:45",01:26:40,"Lever Seated Reverse Fly",,15.000,10,,,NORMAL_SET
PULL,"2025-10-24 15:15:45",01:26:40,"Lever Seated Reverse Fly",,15.000,6,,,NORMAL_SET
PULL,"2025-10-24 15:15:45",01:26:40,"Lever Seated Reverse Fly",,12.500,7,,,NORMAL_SET
PULL,"2025-10-24 15:15:45",01:26:40,"Lever Seated Reverse Fly",,12.500,9,,,NORMAL_SET
PULL,"2025-10-24 15:15:45",01:26:40,"Dumbbell Incline Curl ",,12.000,10,,,NORMAL_SET
PULL,"2025-10-24 15:15:45",01:26:40,"Dumbbell Incline Curl ",,12.000,7,,,NORMAL_SET
PULL,"2025-10-24 15:15:45",01:26:40,"Dumbbell Incline Curl ",,12.000,5,,,NORMAL_SET
PULL,"2025-10-24 15:15:45",01:26:40,"Close Grip Curl",,15.000,7,,,NORMAL_SET
PULL,"2025-10-24 15:15:45",01:26:40,"Close Grip Curl",,15.000,10,,,NORMAL_SET
PULL,"2025-10-24 15:15:45",01:26:40,"Close Grip Curl",,15.000,9,,,NORMAL_SET
PULL,"2025-10-24 15:15:45",01:26:40,"Hammer Curl",,8.000,11,,,NORMAL_SET
PULL,"2025-10-24 15:15:45",01:26:40,"Hammer Curl",,10.000,12,,,NORMAL_SET
PULL,"2025-10-10 15:38:30",01:29:12,Pull-up,,0.000,9,,,NORMAL_SET
PULL,"2025-10-10 15:38:30",01:29:12,Pull-up,,0.000,7,,,NORMAL_SET
PULL,"2025-10-10 15:38:30",01:29:12,Pull-up,,0.000,6,,,NORMAL_SET
PULL,"2025-10-10 15:38:30",01:29:12,"Lever One Arm Low Row ",,90.000,9,,,NORMAL_SET
PULL,"2025-10-10 15:38:30",01:29:12,"Lever One Arm Low Row ",,90.000,8,,,NORMAL_SET
PULL,"2025-10-10 15:38:30",01:29:12,"Lever One Arm Low Row ",,80.000,10,,,NORMAL_SET
PULL,"2025-10-10 15:38:30",01:29:12,"Lever Lying T-bar Row",,40.000,8,,,NORMAL_SET
PULL,"2025-10-10 15:38:30",01:29:12,"Lever Lying T-bar Row",,40.000,8,,,NORMAL_SET
PULL,"2025-10-10 15:38:30",01:29:12,"Lever Lying T-bar Row",,40.000,8,,,NORMAL_SET
PULL,"2025-10-10 15:38:30",01:29:12,"Lever Pronated Grip Seated Row (plate loaded)",,30.000,12,,,NORMAL_SET
PULL,"2025-10-10 15:38:30",01:29:12,"Lever Pronated Grip Seated Row (plate loaded)",,30.000,11,,,NORMAL_SET
PULL,"2025-10-10 15:38:30",01:29:12,"Cable Standing Lat Pushdown ",,24.000,10,,,NORMAL_SET
PULL,"2025-10-10 15:38:30",01:29:12,"Cable Standing Lat Pushdown ",,24.000,9,,,NORMAL_SET
PULL,"2025-10-10 15:38:30",01:29:12,"Dumbbell Incline Curl ",,10.000,13,,,NORMAL_SET
PULL,"2025-10-10 15:38:30",01:29:12,"Dumbbell Incline Curl ",,10.000,11,,,NORMAL_SET
PULL,"2025-10-10 15:38:30",01:29:12,"Dumbbell Incline Curl ",,10.000,8,,,NORMAL_SET
PULL,"2025-10-10 15:38:30",01:29:12,"Close Grip Curl",,16.500,10,,,NORMAL_SET
PULL,"2025-10-10 15:38:30",01:29:12,"Close Grip Curl",,15.000,11,,,NORMAL_SET
PULL,"2025-10-10 15:38:30",01:29:12,"Close Grip Curl",,15.000,10,,,NORMAL_SET
"LEG ","2025-10-08 15:30:00",01:05:35,"Lever Belt Squat",,80.000,12,,,NORMAL_SET
"LEG ","2025-10-08 15:30:00",01:05:35,"Lever Belt Squat",,80.000,12,,,NORMAL_SET
"LEG ","2025-10-08 15:30:00",01:05:35,"Lever Belt Squat",,80.000,12,,,NORMAL_SET
"LEG ","2025-10-08 15:30:00",01:05:35,"Lever Belt Squat",,80.000,9,,,NORMAL_SET
"LEG ","2025-10-08 15:30:00",01:05:35,"Romanian Deadlift",,60.000,11,,,NORMAL_SET
"LEG ","2025-10-08 15:30:00",01:05:35,"Romanian Deadlift",,60.000,10,,,NORMAL_SET
"LEG ","2025-10-08 15:30:00",01:05:35,"Romanian Deadlift",,60.000,10,,,NORMAL_SET
"LEG ","2025-10-08 15:30:00",01:05:35,"Romanian Deadlift",,60.000,9,,,NORMAL_SET
"LEG ","2025-10-08 15:30:00",01:05:35,"Lever Lying Leg Curl",,27.000,9,,,NORMAL_SET
"LEG ","2025-10-08 15:30:00",01:05:35,"Lever Lying Leg Curl",,27.000,8,,,NORMAL_SET
"LEG ","2025-10-08 15:30:00",01:05:35,"Lever Lying Leg Curl",,27.000,8,,,NORMAL_SET
"LEG ","2025-10-08 15:30:00",01:05:35,"Lever Hip Thrust ",,100.000,9,,,NORMAL_SET
"LEG ","2025-10-08 15:30:00",01:05:35,"Lever Hip Thrust ",,100.000,7,,,NORMAL_SET
PULL,"2025-10-07 15:30:13",01:25:34,Pull-up,,0.000,9,,,NORMAL_SET
PULL,"2025-10-07 15:30:13",01:25:34,Pull-up,,0.000,6,,,NORMAL_SET
PULL,"2025-10-07 15:30:13",01:25:34,Pull-up,,0.000,6,,,NORMAL_SET
PULL,"2025-10-07 15:30:13",01:25:34,"Lever One Arm Low Row ",,80.000,11,,,NORMAL_SET
PULL,"2025-10-07 15:30:13",01:25:34,"Lever One Arm Low Row ",,80.000,11,,,NORMAL_SET
PULL,"2025-10-07 15:30:13",01:25:34,"Lever One Arm Low Row ",,80.000,10,,,NORMAL_SET
PULL,"2025-10-07 15:30:13",01:25:34,"Lever Lying T-bar Row",,40.000,8,,,NORMAL_SET
PULL,"2025-10-07 15:30:13",01:25:34,"Lever Lying T-bar Row",,40.000,8,,,NORMAL_SET
PULL,"2025-10-07 15:30:13",01:25:34,"Lever Lying T-bar Row",,40.000,9,,,NORMAL_SET
PULL,"2025-10-07 15:30:13",01:25:34,"Lever Pronated Grip Seated Row (plate loaded)",,60.000,10,,,NORMAL_SET
PULL,"2025-10-07 15:30:13",01:25:34,"Lever Pronated Grip Seated Row (plate loaded)",,60.000,10,,,NORMAL_SET
PULL,"2025-10-07 15:30:13",01:25:34,"Cable Standing Lat Pushdown ",,24.000,11,,,NORMAL_SET
PULL,"2025-10-07 15:30:13",01:25:34,"Cable Standing Lat Pushdown ",,24.000,12,,,NORMAL_SET
PULL,"2025-10-07 15:30:13",01:25:34,"Lever Seated Reverse Fly",,12.500,12,,,NORMAL_SET
PULL,"2025-10-07 15:30:13",01:25:34,"Lever Seated Reverse Fly",,15.000,9,,,NORMAL_SET
PULL,"2025-10-07 15:30:13",01:25:34,"Lever Seated Reverse Fly",,15.000,8,,,NORMAL_SET
PULL,"2025-10-07 15:30:13",01:25:34,"Lever Seated Reverse Fly",,15.000,8,,,NORMAL_SET
PULL,"2025-10-07 15:30:13",01:25:34,"Dumbbell Incline Curl ",,10.000,12,,,NORMAL_SET
PULL,"2025-10-07 15:30:13",01:25:34,"Dumbbell Incline Curl ",,10.000,11,,,NORMAL_SET
PULL,"2025-10-07 15:30:13",01:25:34,"Dumbbell Incline Curl ",,10.000,8,,,NORMAL_SET
PULL,"2025-10-07 15:30:13",01:25:34,"Close Grip Curl",,15.000,9,,,NORMAL_SET
PULL,"2025-10-07 15:30:13",01:25:34,"Close Grip Curl",,15.000,10,,,NORMAL_SET
PULL,"2025-10-07 15:30:13",01:25:34,"Close Grip Curl",,15.000,11,,,NORMAL_SET
PULL,"2025-10-07 15:30:13",01:25:34,"Hammer Curl",,8.000,10,,,NORMAL_SET
PULL,"2025-10-07 15:30:13",01:25:34,"Hammer Curl",,10.000,13,,,NORMAL_SET
PUSH,"2025-10-06 15:14:37",01:38:53,"Lever Incline Chest Press",,80.000,10,,,NORMAL_SET
PUSH,"2025-10-06 15:14:37",01:38:53,"Lever Incline Chest Press",,80.000,6,,,NORMAL_SET
PUSH,"2025-10-06 15:14:37",01:38:53,"Lever Incline Chest Press",,60.000,8,,,NORMAL_SET
PUSH,"2025-10-06 15:14:37",01:38:53,"Lever Chest Press",,50.000,8,,,NORMAL_SET
PUSH,"2025-10-06 15:14:37",01:38:53,"Lever Chest Press",,50.000,8,,,NORMAL_SET
PUSH,"2025-10-06 15:14:37",01:38:53,"Lever Chest Press",,50.000,7,,,NORMAL_SET
PUSH,"2025-10-06 15:14:37",01:38:53,"Lever Decline Chest Press",,80.000,9,,,NORMAL_SET
PUSH,"2025-10-06 15:14:37",01:38:53,"Lever Decline Chest Press",,80.000,9,,,NORMAL_SET
PUSH,"2025-10-06 15:14:37",01:38:53,"Lever Decline Chest Press",,80.000,7,,,NORMAL_SET
PUSH,"2025-10-06 15:14:37",01:38:53,"Lever Shoulder Press",,50.000,15,,,NORMAL_SET
PUSH,"2025-10-06 15:14:37",01:38:53,"Lever Shoulder Press",,55.000,11,,,NORMAL_SET
PUSH,"2025-10-06 15:14:37",01:38:53,"Lever Shoulder Press",,50.000,9,,,NORMAL_SET
PUSH,"2025-10-06 15:14:37",01:38:53,"Lever Shoulder Press",,50.000,8,,,NORMAL_SET
PUSH,"2025-10-06 15:14:37",01:38:53,"Lever Lateral Raise",1,27.500,10,,,NORMAL_SET
PUSH,"2025-10-06 15:14:37",01:38:53,"Lever Lateral Raise",1,27.500,10,,,NORMAL_SET
PUSH,"2025-10-06 15:14:37",01:38:53,"Lever Lateral Raise",1,27.500,10,,,NORMAL_SET
PUSH,"2025-10-06 15:14:37",01:38:53,"Lever Lateral Raise",1,27.500,10,,,NORMAL_SET
PUSH,"2025-10-06 15:14:37",01:38:53,"Lever Lateral Raise",1,17.500,10,,,NORMAL_SET
PUSH,"2025-10-06 15:14:37",01:38:53,"Lever Lateral Raise",1,17.500,10,,,NORMAL_SET
PUSH,"2025-10-06 15:14:37",01:38:53,"Lever Lateral Raise",1,17.500,9,,,NORMAL_SET
PUSH,"2025-10-06 15:14:37",01:38:53,"Lever Lateral Raise",1,17.500,9,,,NORMAL_SET
PUSH,"2025-10-06 15:14:37",01:38:53,"Lever Lateral Raise",1,12.500,10,,,NORMAL_SET
PUSH,"2025-10-06 15:14:37",01:38:53,"Lever Lateral Raise",1,12.500,10,,,NORMAL_SET
PUSH,"2025-10-06 15:14:37",01:38:53,"Lever Lateral Raise",1,12.500,10,,,NORMAL_SET
PUSH,"2025-10-06 15:14:37",01:38:53,"Lever Lateral Raise",1,12.500,10,,,NORMAL_SET
PUSH,"2025-10-06 15:14:37",01:38:53,"Cable One Arm High Pulley Overhead Tricep Extension",,20.000,11,,,NORMAL_SET
PUSH,"2025-10-06 15:14:37",01:38:53,"Cable One Arm High Pulley Overhead Tricep Extension",,20.000,9,,,NORMAL_SET
PUSH,"2025-10-06 15:14:37",01:38:53,"Cable One Arm High Pulley Overhead Tricep Extension",,17.500,11,,,NORMAL_SET
PUSH,"2025-10-06 15:14:37",01:38:53,"Triceps Pushdown",,25.000,9,,,NORMAL_SET
PUSH,"2025-10-06 15:14:37",01:38:53,"Triceps Pushdown",,25.000,10,,,NORMAL_SET
PUSH,"2025-10-06 15:14:37",01:38:53,"Triceps Pushdown",,25.000,9,,,NORMAL_SET
PUSH,"2025-10-06 15:14:37",01:38:53,"Cable Single Arm Triceps Pushdown (Rope Attachment)",,7.500,8,,,NORMAL_SET
PUSH,"2025-10-06 15:14:37",01:38:53,"Cable Single Arm Triceps Pushdown (Rope Attachment)",,7.500,10,,,NORMAL_SET
PULL,"2025-10-03 15:41:46",01:25:22,Pull-up,,0.000,9,,,NORMAL_SET
PULL,"2025-10-03 15:41:46",01:25:22,Pull-up,,0.000,8,,,NORMAL_SET
PULL,"2025-10-03 15:41:46",01:25:22,Pull-up,,0.000,6,,,NORMAL_SET
PULL,"2025-10-03 15:41:46",01:25:22,"Lever One Arm Low Row ",,40.000,11,,,NORMAL_SET
PULL,"2025-10-03 15:41:46",01:25:22,"Lever One Arm Low Row ",,40.000,11,,,NORMAL_SET
PULL,"2025-10-03 15:41:46",01:25:22,"Lever One Arm Low Row ",,40.000,10,,,NORMAL_SET
PULL,"2025-10-03 15:41:46",01:25:22,"Lever Lying T-bar Row",,40.000,9,,,NORMAL_SET
PULL,"2025-10-03 15:41:46",01:25:22,"Lever Lying T-bar Row",,40.000,8,,,NORMAL_SET
PULL,"2025-10-03 15:41:46",01:25:22,"Lever Lying T-bar Row",,40.000,7,,,NORMAL_SET
PULL,"2025-10-03 15:41:46",01:25:22,"Lever Pronated Grip Seated Row (plate loaded)",,30.000,11,,,NORMAL_SET
PULL,"2025-10-03 15:41:46",01:25:22,"Lever Pronated Grip Seated Row (plate loaded)",,30.000,11,,,NORMAL_SET
PULL,"2025-10-03 15:41:46",01:25:22,"Cable Standing Lat Pushdown ",,24.000,11,,,NORMAL_SET
PULL,"2025-10-03 15:41:46",01:25:22,"Cable Standing Lat Pushdown ",,24.000,10,,,NORMAL_SET
PULL,"2025-10-03 15:41:46",01:25:22,"Lever Seated Reverse Fly",,15.000,7,,,NORMAL_SET
PULL,"2025-10-03 15:41:46",01:25:22,"Lever Seated Reverse Fly",,15.000,6,,,NORMAL_SET
PULL,"2025-10-03 15:41:46",01:25:22,"Lever Seated Reverse Fly",,15.000,7,,,NORMAL_SET
PULL,"2025-10-03 15:41:46",01:25:22,"Lever Seated Reverse Fly",,15.000,7,,,NORMAL_SET
PULL,"2025-10-03 15:41:46",01:25:22,"Dumbbell Incline Curl ",,10.000,12,,,NORMAL_SET
PULL,"2025-10-03 15:41:46",01:25:22,"Dumbbell Incline Curl ",,10.000,10,,,NORMAL_SET
PULL,"2025-10-03 15:41:46",01:25:22,"Dumbbell Incline Curl ",,10.000,9,,,NORMAL_SET
PULL,"2025-10-03 15:41:46",01:25:22,"Close Grip Curl",,15.000,11,,,NORMAL_SET
PULL,"2025-10-03 15:41:46",01:25:22,"Close Grip Curl",,15.000,10,,,NORMAL_SET
PULL,"2025-10-03 15:41:46",01:25:22,"Close Grip Curl",,15.000,10,,,NORMAL_SET
PULL,"2025-10-03 15:41:46",01:25:22,"Hammer Curl",,8.000,12,,,NORMAL_SET
PULL,"2025-10-03 15:41:46",01:25:22,"Hammer Curl",,10.000,12,,,NORMAL_SET
PUSH,"2025-10-02 15:32:47",01:46:57,"Lever Incline Chest Press",,60.000,12,,,NORMAL_SET
PUSH,"2025-10-02 15:32:47",01:46:57,"Lever Incline Chest Press",,80.000,8,,,NORMAL_SET
PUSH,"2025-10-02 15:32:47",01:46:57,"Lever Incline Chest Press",,80.000,6,,,NORMAL_SET
PUSH,"2025-10-02 15:32:47",01:46:57,"Lever Chest Press",,50.000,9,,,NORMAL_SET
PUSH,"2025-10-02 15:32:47",01:46:57,"Lever Chest Press",,50.000,9,,,NORMAL_SET
PUSH,"2025-10-02 15:32:47",01:46:57,"Lever Chest Press",,50.000,7,,,NORMAL_SET
PUSH,"2025-10-02 15:32:47",01:46:57,"Lever Decline Chest Press",,40.000,8,,,NORMAL_SET
PUSH,"2025-10-02 15:32:47",01:46:57,"Lever Decline Chest Press",,35.000,9,,,NORMAL_SET
PUSH,"2025-10-02 15:32:47",01:46:57,"Lever Decline Chest Press",,35.000,8,,,NORMAL_SET
PUSH,"2025-10-02 15:32:47",01:46:57,"Lever Shoulder Press",,25.000,14,,,NORMAL_SET
PUSH,"2025-10-02 15:32:47",01:46:57,"Lever Shoulder Press",,25.000,12,,,NORMAL_SET
PUSH,"2025-10-02 15:32:47",01:46:57,"Lever Shoulder Press",,25.000,7,,,NORMAL_SET
PUSH,"2025-10-02 15:32:47",01:46:57,"Lever Shoulder Press",,20.000,12,,,NORMAL_SET
PUSH,"2025-10-02 15:32:47",01:46:57,"Lever Lateral Raise",1,25.000,10,,,NORMAL_SET
PUSH,"2025-10-02 15:32:47",01:46:57,"Lever Lateral Raise",1,25.000,10,,,NORMAL_SET
PUSH,"2025-10-02 15:32:47",01:46:57,"Lever Lateral Raise",1,25.000,11,,,NORMAL_SET
PUSH,"2025-10-02 15:32:47",01:46:57,"Lever Lateral Raise",1,25.000,10,,,NORMAL_SET
PUSH,"2025-10-02 15:32:47",01:46:57,"Lever Lateral Raise",1,15.000,10,,,NORMAL_SET
PUSH,"2025-10-02 15:32:47",01:46:57,"Lever Lateral Raise",1,15.000,10,,,NORMAL_SET
PUSH,"2025-10-02 15:32:47",01:46:57,"Lever Lateral Raise",1,15.000,9,,,NORMAL_SET
PUSH,"2025-10-02 15:32:47",01:46:57,"Lever Lateral Raise",1,15.000,9,,,NORMAL_SET
PUSH,"2025-10-02 15:32:47",01:46:57,"Lever Lateral Raise",1,12.500,10,,,NORMAL_SET
PUSH,"2025-10-02 15:32:47",01:46:57,"Lever Lateral Raise",1,12.500,8,,,NORMAL_SET
PUSH,"2025-10-02 15:32:47",01:46:57,"Lever Lateral Raise",1,12.500,9,,,NORMAL_SET
PUSH,"2025-10-02 15:32:47",01:46:57,"Lever Lateral Raise",1,12.500,8,,,NORMAL_SET
PUSH,"2025-10-02 15:32:47",01:46:57,"Cable One Arm High Pulley Overhead Tricep Extension",,17.500,12,,,NORMAL_SET
PUSH,"2025-10-02 15:32:47",01:46:57,"Cable One Arm High Pulley Overhead Tricep Extension",,17.500,12,,,NORMAL_SET
PUSH,"2025-10-02 15:32:47",01:46:57,"Cable One Arm High Pulley Overhead Tricep Extension",,20.000,9,,,NORMAL_SET
PUSH,"2025-10-02 15:32:47",01:46:57,"Triceps Pushdown",,25.000,9,,,NORMAL_SET
PUSH,"2025-10-02 15:32:47",01:46:57,"Triceps Pushdown",,25.000,8,,,NORMAL_SET
PUSH,"2025-10-02 15:32:47",01:46:57,"Triceps Pushdown",,25.000,8,,,NORMAL_SET
PUSH,"2025-10-02 15:32:47",01:46:57,"Cable Single Arm Triceps Pushdown (Rope Attachment)",,7.500,9,,,NORMAL_SET
PUSH,"2025-10-02 15:32:47",01:46:57,"Cable Single Arm Triceps Pushdown (Rope Attachment)",,7.500,8,,,NORMAL_SET
"LEG ","2025-10-01 15:38:33",01:24:18,"Lever Belt Squat",,60.000,12,,,NORMAL_SET
"LEG ","2025-10-01 15:38:33",01:24:18,"Lever Belt Squat",,70.000,13,,,NORMAL_SET
"LEG ","2025-10-01 15:38:33",01:24:18,"Lever Belt Squat",,80.000,12,,,NORMAL_SET
"LEG ","2025-10-01 15:38:33",01:24:18,"Lever Belt Squat",,80.000,10,,,NORMAL_SET
"LEG ","2025-10-01 15:38:33",01:24:18,"Romanian Deadlift",,60.000,7,,,NORMAL_SET
"LEG ","2025-10-01 15:38:33",01:24:18,"Romanian Deadlift",,60.000,6,,,NORMAL_SET
"LEG ","2025-10-01 15:38:33",01:24:18,"Romanian Deadlift",,60.000,9,,,NORMAL_SET
"LEG ","2025-10-01 15:38:33",01:24:18,"Romanian Deadlift",,60.000,8,,,NORMAL_SET
"LEG ","2025-10-01 15:38:33",01:24:18,"Lever Lying Leg Curl",,27.000,8,,,NORMAL_SET
"LEG ","2025-10-01 15:38:33",01:24:18,"Lever Lying Leg Curl",,27.000,6,,,NORMAL_SET
"LEG ","2025-10-01 15:38:33",01:24:18,"Lever Lying Leg Curl",,22.500,10,,,NORMAL_SET
"LEG ","2025-10-01 15:38:33",01:24:18,Deadlift,,70.000,6,,,NORMAL_SET
"LEG ","2025-10-01 15:38:33",01:24:18,Deadlift,,70.000,6,,,NORMAL_SET
"LEG ","2025-10-01 15:38:33",01:24:18,Deadlift,,70.000,6,,,NORMAL_SET
"LEG ","2025-10-01 15:38:33",01:24:18,"Lever Hip Thrust ",,80.000,8,,,NORMAL_SET
"LEG ","2025-10-01 15:38:33",01:24:18,"Lever Hip Thrust ",,100.000,7,,,NORMAL_SET
PULL,"2025-09-30 15:51:23",01:33:38,Pull-up,,0.000,7,,,NORMAL_SET
PULL,"2025-09-30 15:51:23",01:33:38,Pull-up,,0.000,8,,,NORMAL_SET
PULL,"2025-09-30 15:51:23",01:33:38,Pull-up,,0.000,8,,,NORMAL_SET
PULL,"2025-09-30 15:51:23",01:33:38,"Lever One Arm Low Row ",,40.000,11,,,NORMAL_SET
PULL,"2025-09-30 15:51:23",01:33:38,"Lever One Arm Low Row ",,40.000,11,,,NORMAL_SET
PULL,"2025-09-30 15:51:23",01:33:38,"Lever One Arm Low Row ",,40.000,9,,,NORMAL_SET
PULL,"2025-09-30 15:51:23",01:33:38,"Lever Lying T-bar Row",,37.500,9,,,NORMAL_SET
PULL,"2025-09-30 15:51:23",01:33:38,"Lever Lying T-bar Row",,37.500,8,,,NORMAL_SET
PULL,"2025-09-30 15:51:23",01:33:38,"Lever Lying T-bar Row",,37.500,8,,,NORMAL_SET
PULL,"2025-09-30 15:51:23",01:33:38,"Lever Pronated Grip Seated Row (plate loaded)",,27.500,12,,,NORMAL_SET
PULL,"2025-09-30 15:51:23",01:33:38,"Lever Pronated Grip Seated Row (plate loaded)",,30.000,11,,,NORMAL_SET
PULL,"2025-09-30 15:51:23",01:33:38,"Lever Pronated Grip Seated Row (plate loaded)",,30.000,10,,,NORMAL_SET
PULL,"2025-09-30 15:51:23",01:33:38,"Cable Standing Lat Pushdown ",,24.000,9,,,NORMAL_SET
PULL,"2025-09-30 15:51:23",01:33:38,"Cable Standing Lat Pushdown ",,24.000,8,,,NORMAL_SET
PULL,"2025-09-30 15:51:23",01:33:38,"Lever Seated Reverse Fly",,15.000,8,,,NORMAL_SET
PULL,"2025-09-30 15:51:23",01:33:38,"Lever Seated Reverse Fly",,17.500,6,,,NORMAL_SET
PULL,"2025-09-30 15:51:23",01:33:38,"Lever Seated Reverse Fly",,15.000,9,,,NORMAL_SET
PULL,"2025-09-30 15:51:23",01:33:38,"Lever Seated Reverse Fly",,15.000,7,,,NORMAL_SET
PULL,"2025-09-30 15:51:23",01:33:38,"Dumbbell Incline Curl ",,10.000,12,,,NORMAL_SET
PULL,"2025-09-30 15:51:23",01:33:38,"Dumbbell Incline Curl ",,10.000,11,,,NORMAL_SET
PULL,"2025-09-30 15:51:23",01:33:38,"Dumbbell Incline Curl ",,10.000,9,,,NORMAL_SET
PULL,"2025-09-30 15:51:23",01:33:38,"Close Grip Curl",,15.000,10,,,NORMAL_SET
PULL,"2025-09-30 15:51:23",01:33:38,"Close Grip Curl",,15.000,9,,,NORMAL_SET
PULL,"2025-09-30 15:51:23",01:33:38,"Close Grip Curl",,15.000,10,,,NORMAL_SET
